{
  "$schema": "http://json-schema.org/draft-06/schema#",
  "$ref": "#/definitions/CPRC-Gear",
  "definitions": {
    "CPRC-Gear": {
      "type": "object",
      "additionalProperties": false,
      "properties": {
        "_id": {
          "$ref": "./components/id.json"
        },
        "_key": {
          "$ref": "./components/key.json"
        },
        "effects": {
          "$ref": "./components/effects.json"
        },
        "flags": {
          "$ref": "./components/flags.json"
        },
        "img": {
          "$ref": "./components/img.json"
        },
        "name": {
          "$ref": "./components/name.json"
        },
        "type": {
          "type": "string",
          "const": "gear"
        },
        "system": {
          "$ref": "#/definitions/System"
        }
      },
      "required": ["_id", "_key", "effects", "img", "name", "system", "type"]
    },
    "System": {
      "type": "object",
      "additionalProperties": false,
      "properties": {
        "amount": {
          "$ref": "./components/stackable/amount.json"
        },
        "brand": {
          "$ref": "./components/physical/brand.json"
        },
        "concealable": {
          "$ref": "./components/physical/concealable.json"
        },
        "description": {
          "$ref": "./components/common/description.json"
        },
        "isElectronic": {
          "$ref": "./components/electronic/isElectronic.json"
        },
        "equipped": {
          "$ref": "./components/equippable/equipped.json"
        },
        "favorite": {
          "$ref": "./components/common/favorite.json"
        },
        "installedItems": {
          "$ref": "./components/container/installedItems.json"
        },
        "price": {
          "$ref": "./components/valuable/price.json"
        },
        "providesHardening": {
          "$ref": "./components/electronic/providesHardening.json"
        },
        "revealed": {
          "$ref": "./components/effects/revealed.json"
        },
        "source": {
          "$ref": "./components/common/source.json"
        },
        "usage": {
          "type": "string"
        }
      },
      "required": [
        "amount",
        "brand",
        "concealable",
        "description",
        "equipped",
        "favorite",
        "installedItems",
        "price",
        "revealed",
        "source",
        "usage"
      ]
    }
  }
}
