{
  "$schema": "http://json-schema.org/draft-06/schema#",
  "$ref": "#/definitions/CPRC-Item-Upgrade",
  "definitions": {
    "CPRC-Item-Upgrade": {
      "type": "object",
      "additionalProperties": false,
      "properties": {
        "_id": {
          "$ref": "./components/id.json"
        },
        "_key": {
          "$ref": "./components/key.json"
        },
        "effects": {
          "$ref": "./components/effects.json"
        },
        "flags": {
          "$ref": "./components/flags.json"
        },
        "img": {
          "$ref": "./components/img.json"
        },
        "name": {
          "$ref": "./components/name.json"
        },
        "type": {
          "type": "string",
          "const": "itemUpgrade"
        },
        "system": {
          "$ref": "#/definitions/System"
        }
      },
      "required": [
        "_id",
        "_key",
        "effects",
        "img",
        "name",
        "system",
        "type"
      ]
    },
    "System": {
      "type": "object",
      "additionalProperties": false,
      "properties": {
        "ammoVariety": {
          "$ref": "./components/loadable/ammoVarietyArray.json"
        },
        "attackmod": {
          "$ref": "./components/attackable/attackMod.json"
        },
        "brand": {
          "$ref": "./components/physical/brand.json"
        },
        "concealable": {
          "$ref": "./components/physical/concealable.json"
        },
        "ignoreArmorPercent": {
          "$ref": "./components/attackable/ignoreArmorPercent.json"
        },
        "canIgnoreArmor": {
          "$ref": "./components/attackable/canIgnoreArmor.json"
        },
        "critFailEffect": {
          "$ref": "./components/attackable/critFailEffect.json"
        },
        "damage": {
          "$ref": "./components/attackable/damage.json"
        },
        "description": {
          "$ref": "./components/common/description.json"
        },
        "dvTable": {
          "$ref": "./components/attackable/dvTable.json"
        },
        "favorite": {
          "$ref": "./components/common/favorite.json"
        },
        "fireModes": {
          "$ref": "./components/attackable/fireModes.json"
        },
        "handsReq": {
          "$ref": "./components/attackable/handsReq.json"
        },
        "installLocation": {
          "$ref": "./components/installable/installLocation.json"
        },
        "installedItems": {
          "$ref": "./components/container/installedItems.json"
        },
        "isElectronic": {
          "$ref": "./components/electronic/isElectronic.json"
        },
        "isRanged": {
          "$ref": "./components/attackable/isRanged.json"
        },
        "magazine": {
          "$ref": "./components/attackable/magazine.json"
        },
        "modifiers": {
          "$ref": "#/definitions/Modifiers"
        },
        "price": {
          "$ref": "./components/valuable/price.json"
        },
        "providesHardening": {
          "$ref": "./components/electronic/providesHardening.json"
        },
        "revealed": {
          "$ref": "./components/effects/revealed.json"
        },
        "rof": {
          "$ref": "./components/attackable/rof.json"
        },
        "size": {
          "$ref": "./components/installable/size.json"
        },
        "source": {
          "$ref": "./components/common/source.json"
        },
        "type": {
          "type": "string",
          "enum": [
            "clothing",
            "cyberdeck",
            "gear",
            "vehicle",
            "weapon"
          ]
        },
        "unarmedAutomaticCalculation": {
          "$ref": "./components/attackable/unarmedAutomaticCalculation.json"
        },
        "usage": {
          "$ref": "./components/effects/usage.json"
        },
        "usesType": {
          "$ref": "./components/loadable/usesType.json"
        },
        "weaponSkill": {
          "$ref": "./components/attackable/weaponSkill.json"
        },
        "weaponType": {
          "$ref": "./components/attackable/weaponType.json"
        }
      },
      "required": [
        "ammoVariety",
        "attackmod",
        "brand",
        "concealable",
        "damage",
        "description",
        "dvTable",
        "favorite",
        "fireModes",
        "handsReq",
        "installLocation",
        "installedItems",
        "isRanged",
        "magazine",
        "modifiers",
        "price",
        "rof",
        "size",
        "source",
        "type",
        "unarmedAutomaticCalculation",
        "usesType",
        "weaponSkill",
        "weaponType"
      ]
    },
    "Modifiers": {
      "type": "object",
      "description": "TODO: Work out what needs to go here, current compendia entries are a bit mad",
      "properties": {}
    }
  }
}
