{
  "$schema": "http://json-schema.org/draft-06/schema#",
  "$ref": "#/definitions/CPRC-Scene",
  "description": "This is 99% autogenerated, needs more work but we don't have many scenes and if we get more they should be moved to a seperate repo so this is the bare minimum for tests to pass.",
  "definitions": {
    "CPRC-Scene": {
      "type": "object",
      "properties": {
        "_id": {
          "$ref": "./components/id.json"
        },
        "_key": {
          "$ref": "./components/key.json"
        }
      },
      "required": ["_id", "_key"]
    }
  }
}
