{
  "$schema": "http://json-schema.org/draft-07/schema#",
  "$ref": "#/definitions/CPRC-Weapon",
  "definitions": {
    "CPRC-Weapon": {
      "type": "object",
      "additionalProperties": false,
      "properties": {
        "_id": {
          "$ref": "./components/id.json"
        },
        "_key": {
          "$ref": "./components/key.json"
        },
        "effects": {
          "$ref": "./components/effects.json"
        },
        "flags": {
          "$ref": "./components/flags.json"
        },
        "img": {
          "$ref": "./components/img.json"
        },
        "name": {
          "$ref": "./components/name.json"
        },
        "type": {
          "type": "string",
          "const": "weapon"
        },
        "system": {
          "$ref": "#/definitions/System"
        }
      },
      "required": ["_id", "_key", "effects", "img", "name", "system", "type"]
    },
    "System": {
      "type": "object",
      "additionalProperties": false,
      "properties": {
        "ammoVariety": {
          "$ref": "./components/loadable/ammoVarietyArray.json"
        },
        "attackmod": {
          "$ref": "./components/attackable/attackMod.json"
        },
        "brand": {
          "$ref": "./components/physical/brand.json"
        },
        "concealable": {
          "$ref": "./components/physical/concealable.json"
        },
        "critFailEffect": {
          "$ref": "./components/attackable/critFailEffect.json"
        },
        "ignoreArmorPercent": {
          "$ref": "./components/attackable/ignoreArmorPercent.json"
        },
        "canIgnoreArmor": {
          "$ref": "./components/attackable/canIgnoreArmor.json"
        },
        "ignoreBelowSP": {
          "$ref": "./components/attackable/ignoreBelowSP.json"
        },
        "damage": {
          "$ref": "./components/attackable/damage.json"
        },
        "description": {
          "$ref": "./components/common/description.json"
        },
        "dvTable": {
          "$ref": "./components/attackable/dvTable.json"
        },
        "equipped": {
          "$ref": "./components/equippable/equipped.json"
        },
        "favorite": {
          "$ref": "./components/common/favorite.json"
        },
        "fireModes": {
          "$ref": "./components/attackable/fireModes.json"
        },
        "handsReq": {
          "$ref": "./components/attackable/handsReq.json"
        },
        "installedItems": {
          "$ref": "./components/container/installedItems.json"
        },
        "isRanged": {
          "$ref": "./components/attackable/isRanged.json"
        },
        "magazine": {
          "$ref": "./components/attackable/magazine.json"
        },
        "price": {
          "$ref": "./components/valuable/price.json"
        },
        "quality": {
          "$ref": "./components/quality.json"
        },
        "revealed": {
          "$ref": "./components/effects/revealed.json"
        },
        "rof": {
          "$ref": "./components/attackable/rof.json"
        },
        "source": {
          "$ref": "./components/common/source.json"
        },
        "unarmedAutomaticCalculation": {
          "$ref": "./components/attackable/unarmedAutomaticCalculation.json"
        },
        "usage": {
          "$ref": "./components/effects/usage.json"
        },
        "usesType": {
          "$ref": "./components/loadable/usesType.json"
        },
        "weaponSkill": {
          "$ref": "./components/attackable/weaponSkill.json"
        },
        "weaponType": {
          "$ref": "./components/attackable/weaponType.json"
        }
      },
      "allOf": [
        {
          "if": {
            "properties": {
              "quality": {
                "const": "excellent"
              }
            }
          },
          "then": {
            "properties": {
              "attackmod": {
                "const": 1
              }
            }
          }
        },
        {
          "if": {
            "properties": {
              "quality": {
                "not": {
                  "const": "excellent"
                }
              }
            }
          },
          "then": {
            "properties": {
              "attackmod": {
                "const": 0
              }
            }
          }
        }
      ],
      "required": [
        "ammoVariety",
        "attackmod",
        "brand",
        "canIgnoreArmor",
        "ignoreArmorPercent",
        "concealable",
        "damage",
        "description",
        "dvTable",
        "equipped",
        "favorite",
        "fireModes",
        "handsReq",
        "installedItems",
        "isRanged",
        "magazine",
        "price",
        "revealed",
        "rof",
        "source",
        "unarmedAutomaticCalculation",
        "usage",
        "usesType",
        "weaponSkill",
        "weaponType"
      ]
    }
  }
}
