{
  "label": "Programs",
  "mapping": {},
  "entries": {
    "Armor": {
      "name": "Armor",
      "description": "<p>\n  Reduce brain damage by 4 while Rezzed. Only 1 copy Rezzed at a time. Each copy\n  has 1 use per Netrun.\n</p>\n"
    },
    "Banhammer": {
      "name": "Banhammer",
      "description": "<p>Deals 3d6 REZ to non-Black ICE or 2d6 Rez damage to Black ICE.</p>\n"
    },
    "DeckKRASH": {
      "name": "DeckKRASH",
      "description": "<p>Forces Netrunner to Jack Out unsafely.</p>\n"
    },
    "Eraser": {
      "name": "Eraser",
      "description": "<p>+2 to Cloak Checks while Rezzed.</p>\n"
    },
    "Flak": {
      "name": "Flak",
      "description": "<p>\n  Non-Black ICE attacks against you are reduced to 0 while Rezzed. Only 1 copy\n  may be Rezzed at a time. Each copy has 1 use per Netrun.\n</p>\n"
    },
    "Hellbolt": {
      "name": "Hellbolt",
      "description": "<p>\n  2d6 damage direct to Netrunner's Brain. Their gear catches fire if not\n  insulated.\n</p>\n"
    },
    "Nervescrub": {
      "name": "Nervescrub",
      "description": "<p>Lowers a Netrunner's INT, REF, and DEX by 1d6 (min. 1) for 1 hour.</p>\n"
    },
    "Poison Flatline": {
      "name": "Poison Flatline",
      "description": "<p>Destroys a non-Black ICE on the enemy's cyberdeck at random.</p>\n"
    },
    "See Ya": {
      "name": "See Ya",
      "description": "<p>+2 to Pathfinder Checks while Rezzed.</p>\n"
    },
    "Shield": {
      "name": "Shield",
      "description": "<p>\n  The first successful brain damage attack from a Non-Black ICE Program is\n  stopped. Only 1 copy may be Rezzed at a time. Each copy has 1 use per Netrun.\n</p>\n"
    },
    "Speedy Gonzalvez": {
      "name": "Speedy Gonzalvez",
      "description": "<p>+2 to Speed while Rezzed.</p>\n"
    },
    "Superglue": {
      "name": "Superglue",
      "description": "<p>\n  The netrunner cannot progress further into the Local NET or safely jacking out\n  for 1d6 rounds.1 use per netrun.\n</p>\n"
    },
    "Sword": {
      "name": "Sword",
      "description": "<p>Deals 3d6 REZ to Black ICE or 2d6 Rez damage to non-Black ICE.</p>\n"
    },
    "Vrizzbolt": {
      "name": "Vrizzbolt",
      "description": "<p>\n  1d6 damage direct to Netrunner's Brain. Lowers total net actions they can take\n  by 1 (min. 2) on their next turn.\n</p>\n"
    },
    "Worm": {
      "name": "Worm",
      "description": "<p>+2 to Backdoor Checks while Rezzed.</p>\n"
    }
  }
}