{
  "label": "Clothing",
  "mapping": {},
  "entries": {
    "Asia Pop Bottoms": {
      "name": "Asia Pop Bottoms",
      "description": "<p>\n  Following the latest Asian fashion trends, Asia Pop is sure to catch the eye\n  with it's bright colors and extravagant style.\n</p>\n"
    },
    "Asia Pop Contact Lenses": {
      "name": "Asia Pop Contact Lenses",
      "description": "<p>\n  Following the latest Asian fashion trends, Asia Pop is sure to catch the eye\n  with it's bright colors and extravagant style.\n</p>\n"
    },
    "Asia Pop Footwear": {
      "name": "Asia Pop Footwear",
      "description": "<p>\n  Following the latest Asian fashion trends, Asia Pop is sure to catch the eye\n  with it's bright colors and extravagant style.\n</p>\n"
    },
    "Asia Pop Glasses": {
      "name": "Asia Pop Glasses",
      "description": "<p>\n  Following the latest Asian fashion trends, Asia Pop is sure to catch the eye\n  with it's bright colors and extravagant style.\n</p>\n"
    },
    "Asia Pop Hat": {
      "name": "Asia Pop Hat",
      "description": "<p>\n  Following the latest Asian fashion trends, Asia Pop is sure to catch the eye\n  with it's bright colors and extravagant style.\n</p>\n"
    },
    "Asia Pop Jacket": {
      "name": "Asia Pop Jacket",
      "description": "<p>\n  Following the latest Asian fashion trends, Asia Pop is sure to catch the eye\n  with it's bright colors and extravagant style.\n</p>\n"
    },
    "Asia Pop Jewelry": {
      "name": "Asia Pop Jewelry",
      "description": "<p>\n  Following the latest Asian fashion trends, Asia Pop is sure to catch the eye\n  with it's bright colors and extravagant style.\n</p>\n"
    },
    "Asia Pop Mirrorshades": {
      "name": "Asia Pop Mirrorshades",
      "description": "<p>\n  Following the latest Asian fashion trends, Asia Pop is sure to catch the eye\n  with it's bright colors and extravagant style.\n</p>\n"
    },
    "Asia Pop Top": {
      "name": "Asia Pop Top",
      "description": "<p>\n  Following the latest Asian fashion trends, Asia Pop is sure to catch the eye\n  with it's bright colors and extravagant style.\n</p>\n"
    },
    "Bag Lady Chic Bottoms": {
      "name": "Bag Lady Chic Bottoms",
      "description": "<p>\n  Follow the latest dumpster diver fashion trends! Torn and worn out clothes,\n  perfect if you want that homeless look.\n</p>\n"
    },
    "Bag Lady Chic Contact Lenses": {
      "name": "Bag Lady Chic Contact Lenses",
      "description": "<p>\n  Follow the latest dumpster diver fashion trends! Torn and worn out clothes,\n  perfect if you want that homeless look.\n</p>\n"
    },
    "Bag Lady Chic Footwear": {
      "name": "Bag Lady Chic Footwear",
      "description": "<p>\n  Follow the latest dumpster diver fashion trends! Torn and worn out clothes,\n  perfect if you want that homeless look.\n</p>\n"
    },
    "Bag Lady Chic Glasses": {
      "name": "Bag Lady Chic Glasses",
      "description": "<p>\n  Follow the latest dumpster diver fashion trends! Torn and worn out clothes,\n  perfect if you want that homeless look.\n</p>\n"
    },
    "Bag Lady Chic Hat": {
      "name": "Bag Lady Chic Hat",
      "description": "<p>\n  Follow the latest dumpster diver fashion trends! Torn and worn out clothes,\n  perfect if you want that homeless look.\n</p>\n"
    },
    "Bag Lady Chic Jacket": {
      "name": "Bag Lady Chic Jacket",
      "description": "<p>\n  Follow the latest dumpster diver fashion trends! Torn and worn out clothes,\n  perfect if you want that homeless look.\n</p>\n"
    },
    "Bag Lady Chic Jewelry": {
      "name": "Bag Lady Chic Jewelry",
      "description": "<p>\n  Follow the latest dumpster diver fashion trends! Torn and worn out clothes,\n  perfect if you want that homeless look.\n</p>\n"
    },
    "Bag Lady Chic Mirrorshades": {
      "name": "Bag Lady Chic Mirrorshades",
      "description": "<p>\n  Follow the latest dumpster diver fashion trends! Torn and worn out clothes,\n  perfect if you want that homeless look.\n</p>\n"
    },
    "Bag Lady Chic Top": {
      "name": "Bag Lady Chic Top",
      "description": "<p>\n  Follow the latest dumpster diver fashion trends! Torn and worn out clothes,\n  perfect if you want that homeless look.\n</p>\n"
    },
    "Bohemian Bottoms": {
      "name": "Bohemian Bottoms",
      "description": "<p>\n  Channel your inner 70s hippy! Show everyone how much of a free spirit you are\n  with these clothes.\n</p>\n"
    },
    "Bohemian Contact Lenses": {
      "name": "Bohemian Contact Lenses",
      "description": "<p>\n  Channel your inner 70s hippy! Show everyone how much of a free spirit you are\n  with these clothes.\n</p>\n"
    },
    "Bohemian Footwear": {
      "name": "Bohemian Footwear",
      "description": "<p>\n  Channel your inner 70s hippy! Show everyone how much of a free spirit you are\n  with these clothes.\n</p>\n"
    },
    "Bohemian Glasses": {
      "name": "Bohemian Glasses",
      "description": "<p>\n  Channel your inner 70s hippy! Show everyone how much of a free spirit you are\n  with these clothes.\n</p>\n"
    },
    "Bohemian Hat": {
      "name": "Bohemian Hat",
      "description": "<p>\n  Channel your inner 70s hippy! Show everyone how much of a free spirit you are\n  with these clothes.\n</p>\n"
    },
    "Bohemian Jacket": {
      "name": "Bohemian Jacket",
      "description": "<p>\n  Channel your inner 70s hippy! Show everyone how much of a free spirit you are\n  with these clothes.\n</p>\n"
    },
    "Bohemian Jewelry": {
      "name": "Bohemian Jewelry",
      "description": "<p>\n  Channel your inner 70s hippy! Show everyone how much of a free spirit you are\n  with these clothes.\n</p>\n"
    },
    "Bohemian Mirrorshades": {
      "name": "Bohemian Mirrorshades",
      "description": "<p>\n  Channel your inner 70s hippy! Show everyone how much of a free spirit you are\n  with these clothes.\n</p>\n"
    },
    "Bohemian Top": {
      "name": "Bohemian Top",
      "description": "<p>\n  Channel your inner 70s hippy! Show everyone how much of a free spirit you are\n  with these clothes.\n</p>\n"
    },
    "Businesswear Bottoms": {
      "name": "Businesswear Bottoms",
      "description": "<p>\n  Your typical corporative clothing. Show everyone that you're here and you mean\n  business.\n</p>\n"
    },
    "Businesswear Contact Lenses": {
      "name": "Businesswear Contact Lenses",
      "description": "<p>\n  Your typical corporative clothing. Show everyone that you're here and you mean\n  business.\n</p>\n"
    },
    "Businesswear Footwear": {
      "name": "Businesswear Footwear",
      "description": "<p>\n  Your typical corporative clothing. Show everyone that you're here and you mean\n  business.\n</p>\n"
    },
    "Businesswear Glasses": {
      "name": "Businesswear Glasses",
      "description": "<p>\n  Your typical corporative clothing. Show everyone that you're here and you mean\n  business.\n</p>\n"
    },
    "Businesswear Hat": {
      "name": "Businesswear Hat",
      "description": "<p>\n  Your typical corporative clothing. Show everyone that you're here and you mean\n  business.\n</p>\n"
    },
    "Businesswear Jacket": {
      "name": "Businesswear Jacket",
      "description": "<p>\n  Your typical corporative clothing. Show everyone that you're here and you mean\n  business.\n</p>\n"
    },
    "Businesswear Jewelry": {
      "name": "Businesswear Jewelry",
      "description": "<p>\n  Your typical corporative clothing. Show everyone that you're here and you mean\n  business.\n</p>\n"
    },
    "Businesswear Mirrorshades": {
      "name": "Businesswear Mirrorshades",
      "description": "<p>\n  Your typical corporative clothing. Show everyone that you're here and you mean\n  business.\n</p>\n"
    },
    "Businesswear Top": {
      "name": "Businesswear Top",
      "description": "<p>\n  Your typical corporative clothing. Show everyone that you're here and you mean\n  business.\n</p>\n"
    },
    "Gang Colors Bottoms": {
      "name": "Gang Colors Bottoms",
      "description": "<p>Show your allegiance with Gang colors!</p>\n"
    },
    "Gang Colors Contact Lenses": {
      "name": "Gang Colors Contact Lenses",
      "description": "<p>Show your allegiance with Gang colors!</p>\n"
    },
    "Gang Colors Footwear": {
      "name": "Gang Colors Footwear",
      "description": "<p>Show your allegiance with Gang colors!</p>\n"
    },
    "Gang Colors Glasses": {
      "name": "Gang Colors Glasses",
      "description": "<p>Show your allegiance with Gang colors!</p>\n"
    },
    "Gang Colors Hat": {
      "name": "Gang Colors Hat",
      "description": "<p>Show your allegiance with Gang colors!</p>\n"
    },
    "Gang Colors Jacket": {
      "name": "Gang Colors Jacket",
      "description": "<p>Show your allegiance with Gang colors!</p>\n"
    },
    "Gang Colors Jewelry": {
      "name": "Gang Colors Jewelry",
      "description": "<p>Show your allegiance with Gang colors!</p>\n"
    },
    "Gang Colors Mirrorshades": {
      "name": "Gang Colors Mirrorshades",
      "description": "<p>Show your allegiance with Gang colors!</p>\n"
    },
    "Gang Colors Top": {
      "name": "Gang Colors Top",
      "description": "<p>Show your allegiance with Gang colors!</p>\n"
    },
    "Generic Chic Bottoms": {
      "name": "Generic Chic Bottoms",
      "description": "<p>\n  The kind of clothing you find in the Mega-Plexes of the Dark Future. Perfect\n  if you don't want to stand out from a crowd.\n</p>\n"
    },
    "Generic Chic Contact Lenses": {
      "name": "Generic Chic Contact Lenses",
      "description": "<p>\n  The kind of clothing you find in the Mega-Plexes of the Dark Future. Perfect\n  if you don't want to stand out from a crowd.\n</p>\n"
    },
    "Generic Chic Footwear": {
      "name": "Generic Chic Footwear",
      "description": "<p>\n  The kind of clothing you find in the Mega-Plexes of the Dark Future. Perfect\n  if you don't want to stand out from a crowd.\n</p>\n"
    },
    "Generic Chic Glasses": {
      "name": "Generic Chic Glasses",
      "description": "<p>\n  The kind of clothing you find in the Mega-Plexes of the Dark Future. Perfect\n  if you don't want to stand out from a crowd.\n</p>\n"
    },
    "Generic Chic Hat": {
      "name": "Generic Chic Hat",
      "description": "<p>\n  The kind of clothing you find in the Mega-Plexes of the Dark Future. Perfect\n  if you don't want to stand out from a crowd.\n</p>\n"
    },
    "Generic Chic Jacket": {
      "name": "Generic Chic Jacket",
      "description": "<p>\n  The kind of clothing you find in the Mega-Plexes of the Dark Future. Perfect\n  if you don't want to stand out from a crowd.\n</p>\n"
    },
    "Generic Chic Jewelry": {
      "name": "Generic Chic Jewelry",
      "description": "<p>\n  The kind of clothing you find in the Mega-Plexes of the Dark Future. Perfect\n  if you don't want to stand out from a crowd.\n</p>\n"
    },
    "Generic Chic Mirrorshades": {
      "name": "Generic Chic Mirrorshades",
      "description": "<p>\n  The kind of clothing you find in the Mega-Plexes of the Dark Future. Perfect\n  if you don't want to stand out from a crowd.\n</p>\n"
    },
    "Generic Chic Top": {
      "name": "Generic Chic Top",
      "description": "<p>\n  The kind of clothing you find in the Mega-Plexes of the Dark Future. Perfect\n  if you don't want to stand out from a crowd.\n</p>\n"
    },
    "High Fashion Bottoms": {
      "name": "High Fashion Bottoms",
      "description": "<p>\n  Made from the most expensive quality materials and by the most exclusive\n  producers, this is what you wear when you've made it. The kind of fashion you\n  see supermodels wearing in videos on the Citinet.\n</p>\n"
    },
    "High Fashion Contact Lenses": {
      "name": "High Fashion Contact Lenses",
      "description": "<p>\n  Made from the most expensive quality materials and by the most exclusive\n  producers, this is what you wear when you've made it. The kind of fashion you\n  see supermodels wearing in videos on the Citinet.\n</p>\n"
    },
    "High Fashion Footwear": {
      "name": "High Fashion Footwear",
      "description": "<p>\n  Made from the most expensive quality materials and by the most exclusive\n  producers, this is what you wear when you've made it. The kind of fashion you\n  see supermodels wearing in videos on the Citinet.\n</p>\n"
    },
    "High Fashion Glasses": {
      "name": "High Fashion Glasses",
      "description": "<p>\n  Made from the most expensive quality materials and by the most exclusive\n  producers, this is what you wear when you've made it. The kind of fashion you\n  see supermodels wearing in videos on the Citinet.\n</p>\n"
    },
    "High Fashion Hat": {
      "name": "High Fashion Hat",
      "description": "<p>\n  Made from the most expensive quality materials and by the most exclusive\n  producers, this is what you wear when you've made it. The kind of fashion you\n  see supermodels wearing in videos on the Citinet.\n</p>\n"
    },
    "High Fashion Jacket": {
      "name": "High Fashion Jacket",
      "description": "<p>\n  Made from the most expensive quality materials and by the most exclusive\n  producers, this is what you wear when you've made it. The kind of fashion you\n  see supermodels wearing in videos on the Citinet.\n</p>\n"
    },
    "High Fashion Jewelry": {
      "name": "High Fashion Jewelry",
      "description": "<p>\n  Made from the most expensive quality materials and by the most exclusive\n  producers, this is what you wear when you've made it. The kind of fashion you\n  see supermodels wearing in videos on the Citinet.\n</p>\n"
    },
    "High Fashion Mirrorshades": {
      "name": "High Fashion Mirrorshades",
      "description": "<p>\n  Made from the most expensive quality materials and by the most exclusive\n  producers, this is what you wear when you've made it. The kind of fashion you\n  see supermodels wearing in videos on the Citinet.\n</p>\n"
    },
    "High Fashion Top": {
      "name": "High Fashion Top",
      "description": "<p>\n  Made from the most expensive quality materials and by the most exclusive\n  producers, this is what you wear when you've made it. The kind of fashion you\n  see supermodels wearing in videos on the Citinet.\n</p>\n"
    },
    "Leisurewear Bottoms": {
      "name": "Leisurewear Bottoms",
      "description": "<p>\n  Your run-of-the-mill athletic clothing. Perfect to go for a jog or to relax at\n  home.\n</p>\n"
    },
    "Leisurewear Contact Lenses": {
      "name": "Leisurewear Contact Lenses",
      "description": "<p>\n  Your run-of-the-mill athletic clothing. Perfect to go for a jog or to relax at\n  home.\n</p>\n"
    },
    "Leisurewear Footwear": {
      "name": "Leisurewear Footwear",
      "description": "<p>\n  Your run-of-the-mill athletic clothing. Perfect to go for a jog or to relax at\n  home.\n</p>\n"
    },
    "Leisurewear Glasses": {
      "name": "Leisurewear Glasses",
      "description": "<p>\n  Your run-of-the-mill athletic clothing. Perfect to go for a jog or to relax at\n  home.\n</p>\n"
    },
    "Leisurewear Hat": {
      "name": "Leisurewear Hat",
      "description": "<p>\n  Your run-of-the-mill athletic clothing. Perfect to go for a jog or to relax at\n  home.\n</p>\n"
    },
    "Leisurewear Jacket": {
      "name": "Leisurewear Jacket",
      "description": "<p>\n  Your run-of-the-mill athletic clothing. Perfect to go for a jog or to relax at\n  home.\n</p>\n"
    },
    "Leisurewear Jewelry": {
      "name": "Leisurewear Jewelry",
      "description": "<p>\n  Your run-of-the-mill athletic clothing. Perfect to go for a jog or to relax at\n  home.\n</p>\n"
    },
    "Leisurewear Mirrorshades": {
      "name": "Leisurewear Mirrorshades",
      "description": "<p>\n  Your run-of-the-mill athletic clothing. Perfect to go for a jog or to relax at\n  home.\n</p>\n"
    },
    "Leisurewear Top": {
      "name": "Leisurewear Top",
      "description": "<p>\n  Your run-of-the-mill athletic clothing. Perfect to go for a jog or to relax at\n  home.\n</p>\n"
    },
    "Nomad Leathers Bottoms": {
      "name": "Nomad Leathers Bottoms",
      "description": "<p>If you want to look like a chromed-up cowboy, this is perfect for you.</p>\n"
    },
    "Nomad Leathers Contact Lenses": {
      "name": "Nomad Leathers Contact Lenses",
      "description": "<p>If you want to look like a chromed-up cowboy, this is perfect for you.</p>\n"
    },
    "Nomad Leathers Footwear": {
      "name": "Nomad Leathers Footwear",
      "description": "<p>If you want to look like a chromed-up cowboy, this is perfect for you.</p>\n"
    },
    "Nomad Leathers Glasses": {
      "name": "Nomad Leathers Glasses",
      "description": "<p>If you want to look like a chromed-up cowboy, this is perfect for you.</p>\n"
    },
    "Nomad Leathers Hat": {
      "name": "Nomad Leathers Hat",
      "description": "<p>If you want to look like a chromed-up cowboy, this is perfect for you.</p>\n"
    },
    "Nomad Leathers Jacket": {
      "name": "Nomad Leathers Jacket",
      "description": "<p>If you want to look like a chromed-up cowboy, this is perfect for you.</p>\n"
    },
    "Nomad Leathers Jewelry": {
      "name": "Nomad Leathers Jewelry",
      "description": "<p>If you want to look like a chromed-up cowboy, this is perfect for you.</p>\n"
    },
    "Nomad Leathers Mirrorshades": {
      "name": "Nomad Leathers Mirrorshades",
      "description": "<p>If you want to look like a chromed-up cowboy, this is perfect for you.</p>\n"
    },
    "Nomad Leathers Top": {
      "name": "Nomad Leathers Top",
      "description": "<p>If you want to look like a chromed-up cowboy, this is perfect for you.</p>\n"
    },
    "Urban Flash Bottoms": {
      "name": "Urban Flash Bottoms",
      "description": "<p>\n  The most technological and flashy clothing you can find in the Time of the\n  Red.\n</p>\n"
    },
    "Urban Flash Contact Lenses": {
      "name": "Urban Flash Contact Lenses",
      "description": "<p>\n  The most technological and flashy clothing you can find in the Time of the\n  Red.\n</p>\n"
    },
    "Urban Flash Footwear": {
      "name": "Urban Flash Footwear",
      "description": "<p>\n  The most technological and flashy clothing you can find in the Time of the\n  Red.\n</p>\n"
    },
    "Urban Flash Glasses": {
      "name": "Urban Flash Glasses",
      "description": "<p>\n  The most technological and flashy clothing you can find in the Time of the\n  Red.\n</p>\n"
    },
    "Urban Flash Hat": {
      "name": "Urban Flash Hat",
      "description": "<p>\n  The most technological and flashy clothing you can find in the Time of the\n  Red.\n</p>\n"
    },
    "Urban Flash Jacket": {
      "name": "Urban Flash Jacket",
      "description": "<p>\n  The most technological and flashy clothing you can find in the Time of the\n  Red.\n</p>\n"
    },
    "Urban Flash Jewelry": {
      "name": "Urban Flash Jewelry",
      "description": "<p>\n  The most technological and flashy clothing you can find in the Time of the\n  Red.\n</p>\n"
    },
    "Urban Flash Mirrorshades": {
      "name": "Urban Flash Mirrorshades",
      "description": "<p>\n  The most technological and flashy clothing you can find in the Time of the\n  Red.\n</p>\n"
    },
    "Urban Flash Top": {
      "name": "Urban Flash Top",
      "description": "<p>\n  The most technological and flashy clothing you can find in the Time of the\n  Red.\n</p>\n"
    }
  }
}