{
  "label": "Critical Injuries (Body)",
  "mapping": {},
  "entries": {
    "Broken Arm": {
      "name": "Broken Arm",
      "description": "<p>Arm unusable. Drop what it was holding</p>\n"
    },
    "Broken Leg": {
      "name": "Broken Leg",
      "description": "<p>-4 MOVE (minimum MOVE of 1).</p>\n"
    },
    "Broken Ribs": {
      "name": "Broken Ribs",
      "description": "<p>Suffer crit damage at end of turn if you move more than 4m/yrds on foot.</p>\n"
    },
    "Collapsed Lung": {
      "name": "Collapsed Lung",
      "description": "<p>-2 MOVE (minimum MOVE of 1).</p>\n"
    },
    "Crushed Fingers": {
      "name": "Crushed Fingers",
      "description": "<p>-4 to hand actions.</p>\n"
    },
    "Dismembered Arm": {
      "name": "Dismembered Arm",
      "description": "<p>Arm removed, drop anything it was holding.</p>\n"
    },
    "Dismembered Hand": {
      "name": "Dismembered Hand",
      "description": "<p>Hand removed, drop anything it was holding.</p>\n"
    },
    "Dismembered Leg": {
      "name": "Dismembered Leg",
      "description": "<p>Leg is removed. Cannot Dodge. -6 MOVE (minimum MOVE of 1).</p>\n"
    },
    "Foreign Object": {
      "name": "Foreign Object",
      "description": "<p>Suffer Crit damage at end of turn if move more than 4m/yrds on foot.</p>\n"
    },
    "Spinal Injury": {
      "name": "Spinal Injury",
      "description": "<p>Next turn: No action, move only.</p>\n"
    },
    "Torn Muscle": {
      "name": "Torn Muscle",
      "description": "<p>-2 to Melee Attacks.</p>\n"
    }
  }
}