{
  "type": "object",
  "additionalProperties": false,
  "properties": {
    "book": {
      "type": "string",
      "enum": [
        "12DoC",
        "12DoG",
        "12DoGear",
        "BC",
        "BC+",
        "CC",
        "Core",
        "CCaCH",
        "ELO",
        "ELO TCG",
        "HP",
        "IRv1",
        "IRv2",
        "MC",
        "MHCD",
        "MwtU",
        "NCW",
        "SYW",
        "WG"
      ]
    },
    "page": {
      "type": "integer"
    }
  },
  "required": ["book", "page"]
}
