{
  "label": "装備",
  "mapping": {},
  "entries": {
    "Cyberdeck (Excellent)": {
      "name": "サイバーデッキ(高品質)",
      "description": "<p>Netrunner deck. 9 slots.</p>"
    },
    "Cyberdeck (Poor)": {
      "name": "サイバーデッキ(低品質)",
      "description": "<p>Netrunner deck. 5 slots.</p>"
    },
    "Cyberdeck": {
      "name": "サイバーデッキ",
      "description": "<p>Netrunner deck. 7 slots.</p>"
    },
    "Battleglove": {
      "name": "バトルグローブ",
      "description": "<p>An exotic heavy gauntlet, that covers your hand and forearm. Provides three option slots. Refer to the full item description on pg. 347.</p>"
    },
    "Smart Glasses": {
      "name": "スマート・グラス",
      "description": "<p>Eyewear with two options slots for cybereye options.</p>"
    },
    "Agent": {
      "name": "エージェント",
      "description": "<p>AI Smartphone. +2 Library Search, +2 Wardrobe & Style depending on circumstance.</p>"
    },
    "Airhypo": {
      "name": "エアハイポ",
      "description": "<p>Hypodermic syringe.</p>"
    },
    "Anti-Smog Breathing Mask": {
      "name": "対スモッグ呼吸マスク",
      "description": "<p>Airborne toxin filter.</p>"
    },
    "Audio Recorder": {
      "name": "オーディオ・レコーダー",
      "description": "<p>Record 24h of audio on a memory Chip.</p>"
    },
    "Auto Level Dampening Ear Protectors": {
      "name": "自動制音イヤー・プロテクター",
      "description": "<p>Wearer is immune to loud sounds.</p>"
    },
    "Binoculars": {
      "name": "双眼鏡",
      "description": "<p>Magnification: x2 or x3.</p>"
    },
    "Braindance Viewer": {
      "name": "ブレインダンス・ビューア",
      "description": "<p>Braindance viewing device.</p>"
    },
    "Bug Detector": {
      "name": "盗聴器検出器",
      "description": "<p>Detect listening devices. Range 2m/yds.</p>"
    },
    "Carryall": {
      "name": "旅行バッグ",
      "description": "<p>Bag.</p>"
    },
    "Chemical Analyzer": {
      "name": "化学物質分析器",
      "description": "<p>Determine chemical composition using sample database.</p>"
    },
    "Computer": {
      "name": "コンピュータ",
      "description": "<p>Desktop or laptop.</p>"
    },
    "Cryopump": {
      "name": "クリオポンプ",
      "description": "<p>Briefcase used for hooking up a wounded person. Places them in stasis. </p>"
    },
    "Cryotank": {
      "name": "クリオタンク",
      "description": "<p>Holds a fully-sized human, heals injuries faster than normal. </p>"
    },
    "Disposable Cell Phone": {
      "name": "使い捨て携帯電話",
      "description": "<p>Voice calls only.</p>"
    },
    "Drum Synthesizer": {
      "name": "ドラム・シンセサイザー",
      "description": "<p>Makes drum sounds when connected to amplifier.</p>"
    },
    "Duct Tape": {
      "name": "ダクト・テープ",
      "description": "<p>Use it to tape stuff.</p>"
    },
    "Electric Guitar/Other Instrument": {
      "name": "エレキギター/その他の楽器",
      "description": "<p>Musical instrument. Electric instruments requires an amplifier.</p>"
    },
    "Flashlight": {
      "name": "懐中電灯",
      "description": "<p>10h of light on a single charge. 100m/yd range.</p>"
    },
    "Food Stick": {
      "name": "フード・スティック",
      "description": "<p>Meal replacement bar.</p>"
    },
    "Glow Paint": {
      "name": "夜光塗料",
      "description": "<p>Spraypaint with glow-in-the-dark effect.</p>"
    },
    "Glow Stick": {
      "name": "グロー・スティック",
      "description": "<p>Duration: 10h. Range: 4m/yds.</p>"
    },
    "Grapple Gun": {
      "name": "グラップル・ガン",
      "description": "<p>Range: 30m/yds. Not usable as weapon.</p>"
    },
    "Handcuffs": {
      "name": "手錠",
      "description": "<p>BODY>10 can break.</p>"
    },
    "Homing Tracer": {
      "name": "追跡装置",
      "description": "<p>Range: 1 mile.</p>"
    },
    "Inflatable Bed & Sleep-bag": {
      "name": "携帯用ベッド&寝袋",
      "description": "<p>Portable sleeping set.</p>"
    },
    "Kibble Pack": {
      "name": "キブル・パック",
      "description": "<p>One meal.</p>"
    },
    "Linear Frame β (Beta)": {
      "name": "リニア・フレームβ(ベータ)",
      "description": "<p>Exoskeleton. Requires 2 Interface Plugs. Increases BODY to 14 while plugged in. No changes to your HP or Deathsave. </p>"
    },
    "Linear Frame ∑ (Sigma)": {
      "name": "リニア・フレーム∑(シグマ)",
      "description": "<p>Exoskeleton. Requires 1 Interface Plug. Increases BODY to 12 while plugged in. No changes to your HP or Deathsave. </p>"
    },
    "Lock Picking Set": {
      "name": "鍵開けセット",
      "description": "<p>Needed to pick mechanical locks.</p>"
    },
    "Medscanner": {
      "name": "メドスキャナー",
      "description": "<p>+2 First Aid or Paramedic checks.</p>"
    },
    "Medtech Bag": {
      "name": "メドテク・バッグ",
      "description": "<p>Medical equipment.</p>"
    },
    "Memory Chip": {
      "name": "メモリ・チップ",
      "description": "<p>Data storage.</p>"
    },
    "MRE": {
      "name": "MRE",
      "description": "<p>Portable meal. Self-heating.</p>"
    },
    "Personal CarePak": {
      "name": "パーソナル・ケアパック",
      "description": "<p>Toothbrush etc.</p>"
    },
    "Pocket Amplifier": {
      "name": "ポケット・アンプ",
      "description": "<p>Duration: 6h. Supports two instruments.</p>"
    },
    "Radar Detector": {
      "name": "レーダー探知機",
      "description": "<p>Detect radar beam. Range: 100m/yd</p>"
    },
    "Radiation Suit": {
      "name": "放射線防護服",
      "description": "<p>Protects the wearer from radiation.</p>"
    },
    "Radio Communicator": {
      "name": "無線通信機",
      "description": "<p>Range: 1 mile. In-ear.</p>"
    },
    "Radio Scanner/Music Player": {
      "name": "通信スキャナー/音楽プレーヤー",
      "description": "<p>Receive radio transmissions. Range: 1 mile.</p>"
    },
    "Road Flare": {
      "name": "発炎筒",
      "description": "<p>Range: 100m/yd. Duration: 1h.</p>"
    },
    "Rope (60m/yd)": {
      "name": "ロープ(60m)",
      "description": "<p>Nylon.</p>"
    },
    "Scrambler/Descrambler": {
      "name": "スクランブラー/ディスクランブラー",
      "description": "<p>Comm scrambler/receiver.</p>"
    },
    "Tech Bag": {
      "name": "テク・バッグ",
      "description": "<p>Tool bag.</p>"
    },
    "Techscanner": {
      "name": "テクスキャナ",
      "description": "<p>+2 to multiple TECH-based skills.</p>"
    },
    "Techtool": {
      "name": "テクツール",
      "description": "<p>Multi-purpose tool.</p>"
    },
    "Tent and Camping Equipment": {
      "name": "テント&キャンプ用品",
      "description": "<p>For one person.</p>"
    },
    "Tracer Button": {
      "name": "追跡子",
      "description": "<p>Can be tracked from up to a mile away with a homing tracer.</p>"
    },
    "Vial of Biotoxin": {
      "name": "バイオトキシンの小瓶",
      "description": "<p>3d6 damage unless Resist Torture/Drugs. Armor does not apply.</p>"
    },
    "Vial of Poison": {
      "name": "毒の小瓶",
      "description": "<p>2d6 damage unless Resist Torture/Drugs. Armor does not apply.</p>"
    },
    "Video Camera": {
      "name": "ビデオ・カメラ",
      "description": "<p>12hr per memory chip.</p>"
    },
    "Virtuality Goggles": {
      "name": "バーチャリティ・ゴーグル",
      "description": "<p>Overlay cyberspace imagery onto vision.</p>"
    }
  }
}