{
  "label": "致命的損傷表",
  "mapping": {},
  "entries": {
    "Critical Injuries (Body)": {
      "name": "致命的損傷(身体)",
      "results": [
        {
          "2-2": "片腕喪失",
          "3-3": "片手喪失",
          "4-4": "肺損傷",
          "5-5": "助骨損傷",
          "6-6": "片腕損傷",
          "7-7": "外傷異物",
          "8-8": "片脚損傷",
          "9-9": "筋肉断裂",
          "10-10": "脊椎損傷",
          "11-11": "指損傷",
          "12-12": "片脚喪失"
        }
      ]
    },
    "Critical Injuries (Head)": {
      "name": "致命的損傷(頭)",
      "results": [
        {
          "2-2": "片目喪失",
          "3-3": "脳損傷",
          "4-4": "片目損傷",
          "5-5": "脳震盪",
          "6-6": "顎部損傷",
          "7-7": "外傷異物(頭部)",
          "8-8": "頚椎損傷",
          "9-9": "頭蓋損傷",
          "10-10": "片耳損傷",
          "11-11": "気管損傷",
          "12-12": "片耳喪失"
        }
      ]
    }
  }
}