{
  "label": "致命的損傷(身体)",
  "mapping": {},
  "entries": {
    "Broken Arm": {
      "name": "片腕損傷",
      "description": "<p>Arm unusable. Drop what it was holding</p>"
    },
    "Broken Leg": {
      "name": "片脚損傷",
      "description": "<p>-4 MOVE (minimum MOVE of 1).</p>"
    },
    "Broken Ribs": {
      "name": "助骨損傷",
      "description": "<p>Suffer crit damage at end of turn if you move more than 4m/yrds on foot.</p>"
    },
    "Collapsed Lung": {
      "name": "肺損傷",
      "description": "<p>-2 MOVE (minimum MOVE of 1).</p>"
    },
    "Crushed Fingers": {
      "name": "指損傷",
      "description": "<p>-4 to hand actions.</p>"
    },
    "Dismembered Arm": {
      "name": "片腕喪失",
      "description": "<p>Arm removed, drop anything it was holding.</p>"
    },
    "Dismembered Hand": {
      "name": "片手喪失",
      "description": "<p>Hand removed, drop anything it was holding.</p>"
    },
    "Dismembered Leg": {
      "name": "片脚喪失",
      "description": "<p>Leg is removed. Cannot Dodge. -6 MOVE (minimum MOVE of 1).</p>"
    },
    "Foreign Object": {
      "name": "外傷異物",
      "description": "<p>Suffer Crit damage at end of turn if move more than 4m/yrds on foot.</p>"
    },
    "Spinal Injury": {
      "name": "脊椎損傷",
      "description": "<p>Next turn: No action, move only.</p>"
    },
    "Torn Muscle": {
      "name": "筋肉断裂",
      "description": "<p>-2 to Melee Attacks.</p>"
    }
  }
}