{
  "label": "弾薬",
  "mapping": {},
  "entries": {
    "Arrow (Armor-Piercing)": {
      "name": "矢（徹甲弾）",
      "description": "<p>防具のSPを-1ポイントでなく-2ポイントする</p>\n"
    },
    "Arrow (Basic)": {
      "name": "矢（通常弾）",
      "description": "<p>通常弾、特殊機能は何も無い。</p>\n"
    },
    "Arrow (Biotoxin)": {
      "name": "矢（バイオトキシン弾）",
      "description": "<p>ダメージを与えない。その代わり命中を受けた生身の者は<strong>DV15の〈拷問/薬物判定〉</strong>を行わなければならない。これに失敗した者はHPに直接3D6のダメージを受ける。防具を損耗しない </p>\n"
    },
    "Arrow (Expansive)": {
      "name": "矢（ダムダム弾）",
      "description": "<p>If you roll Foreign object Critical (see pg. 187), victim rolls for a second (different) Critical Injury. Second injury does not deal bonus damage.</p>"
    },
    "Arrow (Incendiary)": {
      "name": "矢（焼夷弾）",
      "description": "<p>If damage dealt to target they are set alight. Target takes 2 damage to HP at end of their turn unless they use action to extinguish flames. Does not stack. </p>"
    },
    "Arrow (Poison)": {
      "name": "矢（毒弾）",
      "description": "<p>No immediate damage. If meat target hit, DV13 Resist Torture/Drugs Check. On a fail 2d6 damage to HP. No Ablation. </p>"
    },
    "Arrow (Rubber)": {
      "name": "矢（ゴム弾）",
      "description": "<p>Does not cause Critical Injury. Does not ablate armor. Leaves target at minimum 1hp. Counts as Basic ammo for exotic weapons</p>"
    },
    "Arrow (Sleep)": {
      "name": "矢（睡眠弾）",
      "description": "<p>Deals no damage. If meat target hit DV13 Resist Torture/Drugs. On fail falls Prone (see pg. 169) and unconscious for 1 minute. Can be woken by damage or another person using an action to touch/shake them.</p>"
    },
    "Arrow (Smart)": {
      "name": "矢（スマート弾）",
      "description": "<p>Req Targeting Scope Cyberware, otherwise won't fire. If miss single attack by 4 or less, roll second attack at same DV 1d10+10 (not normal stat). Can add luck. Target can dodge the second roll as normal if able to do so. </p>"
    },
    "Battery Pack": {
      "name": "バッテリーパック",
      "description": "<p>A rechargeable (1 hour) battery pack, commonly used with Exotic weapons. Contains 8 shots and can be recharged.&nbsp;</p>"
    },
    "Grenade (Armor-Piercing)": {
      "name": "グレネード（徹甲弾）",
      "description": "<p>防具のSPを-1ポイントでなく-2ポイントする</p>\n"
    },
    "Grenade (Biotoxin)": {
      "name": "グレネード（バイオトキシン弾）",
      "description": "<p>ダメージを与えない。その代わり命中を受けた生身の者は<strong>DV15の〈拷問/薬物判定〉</strong>を行わなければならない。これに失敗した者はHPに直接3D6のダメージを受ける。防具を損耗しない </p>\n"
    },
    "Grenade (EMP)": {
      "name": "グレネード（EMP弾）",
      "description": "<p>If hit DV15 Cybertech Check. On Fail 2 pieces of Cyberware or carried electronics (GM's choice) stop working for 1 minute. Cyberlimbs hang loosely like a dismembered meat arm see pg. 187.</p>"
    },
    "Grenade (Flashbang)": {
      "name": "閃光音響グレネード",
      "description": "<p>Deals no damage. If hit roll DV15 Resist Torture/Drugs. On a fail take the Damaged Eye and Damaged Ear Critical injuries (see pg. 188) for 1 minute. No Crit damage dealt. </p>"
    },
    "Grenade (Incendiary)": {
      "name": "グレネード（焼夷弾）",
      "description": "<p>If damage dealt to target they are set alight. Target takes 2 damage to HP at end of their turn unless they use action to extinguish flames. Does not stack. </p>"
    },
    "Grenade (Poison)": {
      "name": "グレネード（毒弾）",
      "description": "<p>No immediate damage. If meat target hit, DV13 Resist Torture/Drugs Check. On a fail 2d6 damage to HP. No Ablation. </p>"
    },
    "Grenade (Sleep)": {
      "name": "グレネード（睡眠弾）",
      "description": "<p>Deals no damage. If meat target hit DV13 Resist Torture/Drugs. On fail falls Prone (see pg. 169) and unconscious for 1 minute. Can be woken by damage or another person using an action to touch/shake them.</p>"
    },
    "Grenade (Smoke)": {
      "name": "発煙グレネード",
      "description": "<p>Deals no Damage. Fills a 10m/yd x 10m/yd with smoke for 1 minute. Tasks obscured by smoke have a -4 penalty.</p>"
    },
    "Grenade (Teargas)": {
      "name": "催涙ガス・グレネード",
      "description": "<p>Deals no Damage. Hit targets with Meat eyes roll DV13 Resist Torture/Drugs Check. On fail suffer Damaged Eye Critical Injury (See pg. 188) for 1 minute. Does not deal critical bonus damage.</p>"
    },
    "Heavy Pistol (Armor-Piercing)": {
      "name": "大型拳銃（徹甲弾）",
      "description": "<p>防具のSPを-1ポイントでなく-2ポイントする</p>\n"
    },
    "Heavy Pistol (Basic)": {
      "name": "大型拳銃（通常弾）",
      "description": "<p>通常弾、特殊機能は何も無い。</p>\n"
    },
    "Heavy Pistol (Expansive)": {
      "name": "大型拳銃（ダムダム弾）",
      "description": "<p>If you roll Foreign object Critical (see pg. 187), victim rolls for a second (different) Critical Injury. Second injury does not deal bonus damage.</p>"
    },
    "Heavy Pistol (Incendiary)": {
      "name": "大型拳銃（焼夷弾）",
      "description": "<p>If damage dealt to target they are set alight. Target takes 2 damage to HP at end of their turn unless they use action to extinguish flames. Does not stack. </p>"
    },
    "Heavy Pistol (Rubber)": {
      "name": "大型拳銃（ゴム弾）",
      "description": "<p>Does not cause Critical Injury. Does not ablate armor. Leaves target at minimum 1hp. Counts as Basic ammo for exotic weapons</p>"
    },
    "Heavy Pistol (Smart)": {
      "name": "大型拳銃（スマート弾）",
      "description": "<p>Req Targeting Scope Cyberware, otherwise won't fire. If miss single attack by 4 or less, roll second attack at same DV 1d10+10 (not normal stat). Can add luck. Target can dodge the second roll as normal if able to do so. </p>"
    },
    "Medium Pistol (Armor-Piercing)": {
      "name": "中型拳銃（徹甲弾）",
      "description": "<p>Double ablation to armor. </p>"
    },
    "Medium Pistol (Basic)": {
      "name": "中型拳銃（通常弾）",
      "description": "<p>Basic ammo, nothing special.</p>"
    },
    "Medium Pistol (Expansive)": {
      "name": "中型拳銃（ダムダム弾）",
      "description": "<p>If you roll Foreign object Critical (see pg. 187), victim rolls for a second (different) Critical Injury. Second injury does not deal bonus damage.</p>"
    },
    "Medium Pistol (Incendiary)": {
      "name": "中型拳銃（焼夷弾）",
      "description": "<p>If damage dealt to target they are set alight. Target takes 2 damage to HP at end of their turn unless they use action to extinguish flames. Does not stack. </p>"
    },
    "Medium Pistol (Rubber)": {
      "name": "中型拳銃（ゴム弾）",
      "description": "<p>Does not cause Critical Injury. Does not ablate armor. Leaves target at minimum 1hp. Counts as Basic ammo for exotic weapons</p>"
    },
    "Medium Pistol (Smart)": {
      "name": "中型拳銃（スマート弾）",
      "description": "<p>Req Targeting Scope Cyberware, otherwise won't fire. If miss single attack by 4 or less, roll second attack at same DV 1d10+10 (not normal stat). Can add luck. Target can dodge the second roll as normal if able to do so. </p>"
    },
    "Paintball (Acid)": {
      "name": "ペイントボール (酸)",
      "description": "<p>Paintballs filled with acid. Deals no damage but ablates armour by 1 SP on hit*.</p>\n<p><em>*Not currently supported so will need to manually reduce armour on hit</em></p>"
    },
    "Paintball (Basic)": {
      "name": "ペイントボール（通常）",
      "description": "<p>Regular paintballs that don't do any damage. Annoying though.</p>"
    },
    "Rifle (Armor-Piercing)": {
      "name": "ライフル（徹甲弾）",
      "description": "<p>Double ablation to armor. </p>"
    },
    "Rifle (Basic)": {
      "name": "ライフル（通常弾）",
      "description": "<p>Basic ammo, nothing special.</p>"
    },
    "Rifle (Expansive)": {
      "name": "ライフル（ダムダム弾）",
      "description": "<p>If you roll Foreign object Critical (see pg. 187), victim rolls for a second (different) Critical Injury. Second injury does not deal bonus damage.</p>"
    },
    "Rifle (Incendiary)": {
      "name": "ライフル（焼夷弾）",
      "description": "<p>If damage dealt to target they are set alight. Target takes 2 damage to HP at end of their turn unless they use action to extinguish flames. Does not stack. </p>"
    },
    "Rifle (Rubber)": {
      "name": "ライフル（ゴム弾）",
      "description": "<p>Does not cause Critical Injury. Does not ablate armor. Leaves target at minimum 1hp. Counts as Basic ammo for exotic weapons</p>"
    },
    "Rifle (Smart)": {
      "name": "ライフル（スマート弾）",
      "description": "<p>Req Targeting Scope Cyberware, otherwise won't fire. If miss single attack by 4 or less, roll second attack at same DV 1d10+10 (not normal stat). Can add luck. Target can dodge the second roll as normal if able to do so. </p>"
    },
    "Rocket (Armor-Piercing)": {
      "name": "ロケット（徹甲弾）",
      "description": "<p>Double ablation to armor. </p>"
    },
    "Rocket (Smart)": {
      "name": "ロケット（スマート弾）",
      "description": "<p>Req Targeting Scope Cyberware, otherwise won't fire. If miss single attack by 4 or less, roll second attack at same DV 1d10+10 (not normal stat). Can add luck. Target can dodge the second roll as normal if able to do so. </p>"
    },
    "Shotgun Shell (Basic)": {
      "name": "ショットガンの散弾（通常弾）",
      "description": "<p>Basic ammo, nothing special.</p>"
    },
    "Shotgun Shell (Incendiary)": {
      "name": "ショットガン（焼夷弾）",
      "description": "<p>If damage dealt to target they are set alight. Target takes 2 damage to HP at end of their turn unless they use action to extinguish flames. Does not stack. </p>"
    },
    "Shotgun Slug (Armor-Piercing)": {
      "name": "ショットガンのスラッグ弾（徹甲弾）",
      "description": "<p>Double ablation to armor. </p>"
    },
    "Shotgun Slug (Basic)": {
      "name": "ショットガンのスラッグ弾（通常弾）",
      "description": "<p>Basic ammo, nothing special.</p>"
    },
    "Shotgun Slug (Expansive)": {
      "name": "ショットガンのスラッグ弾（ダムダム弾）",
      "description": "<p>If you roll Foreign object Critical (see pg. 187), victim rolls for a second (different) Critical Injury. Second injury does not deal bonus damage.</p>"
    },
    "Shotgun Slug (Incendiary)": {
      "name": "ショットガンのスラッグ弾（焼夷弾）",
      "description": "<p>If damage dealt to target they are set alight. Target takes 2 damage to HP at end of their turn unless they use action to extinguish flames. Does not stack. </p>"
    },
    "Shotgun Slug (Rubber)": {
      "name": "ショットガンのスラッグ弾（ゴム弾）",
      "description": "<p>Does not cause Critical Injury. Does not ablate armor. Leaves target at minimum 1hp. Counts as Basic ammo for exotic weapons</p>"
    },
    "Shotgun Slug (Smart)": {
      "name": "ショットガンのスラッグ弾（スマート弾）",
      "description": "<p>Req Targeting Scope Cyberware, otherwise won't fire. If miss single attack by 4 or less, roll second attack at same DV 1d10+10 (not normal stat). Can add luck. Target can dodge the second roll as normal if able to do so. </p>"
    },
    "Very Heavy Pistol (Armor-Piercing)": {
      "name": "超大型拳銃（徹甲弾）",
      "description": "<p>Double ablation to armor. </p>"
    },
    "Very Heavy Pistol (Basic)": {
      "name": "超大型拳銃（通常弾）",
      "description": "<p>Basic ammo, nothing special.</p>"
    },
    "Very Heavy Pistol (Expansive)": {
      "name": "超大型拳銃（ダムダム弾）",
      "description": "<p>If you roll Foreign object Critical (see pg. 187), victim rolls for a second (different) Critical Injury. Second injury does not deal bonus damage.</p>"
    },
    "Very Heavy Pistol (Incendiary)": {
      "name": "超大型拳銃（焼夷弾）",
      "description": "<p>If damage dealt to target they are set alight. Target takes 2 damage to HP at end of their turn unless they use action to extinguish flames. Does not stack. </p>"
    },
    "Very Heavy Pistol (Rubber)": {
      "name": "超大型拳銃（ゴム弾）",
      "description": "<p>Does not cause Critical Injury. Does not ablate armor. Leaves target at minimum 1hp. Counts as Basic ammo for exotic weapons</p>"
    },
    "Very Heavy Pistol (Smart)": {
      "name": "超大型拳銃（スマート弾）",
      "description": "<p>Req Targeting Scope Cyberware, otherwise won't fire. If miss single attack by 4 or less, roll second attack at same DV 1d10+10 (not normal stat). Can add luck. Target can dodge the second roll as normal if able to do so. </p>"
    }
  }
}