{
  "label": "NET構造体ロールテーブル",
  "mapping": {},
  "entries": {
    "All Other Floors (Advanced)": {
      "name": "他のすべての階層(初歩的)",
      "results": [
        {
          "3-3": "ヘルハウンド",
          "4-4": "アスプ x2",
          "5-5": "ヘルハウンド、キラー",
          "6-6": "ヘルハウンド",
          "7-7": "ヘルハウンド、セイバートゥース",
          "8-8": "ヘルハウンド",
          "9-9": "パスワードDV10",
          "10-10": "ファイルDV10",
          "11-11": "コントロールノードDV10",
          "12-12": "パスワードDV10",
          "13-13": "アスプ",
          "14-14": "アスプ",
          "15-15": "ドラゴン",
          "16-16": "アスプ",
          "17-17": "ドラゴン、ウィスプ",
          "18-18": "ドラゴンx2"
        }
      ]
    },
    "All Other Floors (Basic)": {
      "name": "他のすべての階層(標準的)",
      "results": [
        {
          "3-3": "ヘルハウンド",
          "4-4": "アスプ x2",
          "5-5": "ヘルハウンド、キラー",
          "6-6": "ヘルハウンド",
          "7-7": "ヘルハウンド、セイバートゥース",
          "8-8": "ヘルハウンド",
          "9-9": "パスワードDV10",
          "10-10": "ファイルDV10",
          "11-11": "コントロールノードDV10",
          "12-12": "パスワードDV10",
          "13-13": "アスプ",
          "14-14": "アスプ",
          "15-15": "ドラゴン",
          "16-16": "アスプ",
          "17-17": "ドラゴン、ウィスプ",
          "18-18": "ドラゴンx2"
        }
      ]
    },
    "All Other Floors (Standard)": {
      "name": "他のすべての階層(例外的)",
      "results": [
        {
          "3-3": "ヘルハウンド",
          "4-4": "アスプ x2",
          "5-5": "ヘルハウンド、キラー",
          "6-6": "ヘルハウンド",
          "7-7": "ヘルハウンド、セイバートゥース",
          "8-8": "ヘルハウンド",
          "9-9": "パスワードDV10",
          "10-10": "ファイルDV10",
          "11-11": "コントロールノードDV10",
          "12-12": "パスワードDV10",
          "13-13": "アスプ",
          "14-14": "アスプ",
          "15-15": "ドラゴン",
          "16-16": "アスプ",
          "17-17": "ドラゴン、ウィスプ",
          "18-18": "ドラゴンx2"
        }
      ]
    },
    "All Other Floors (Uncommon)": {
      "name": "他のすべての階層(先進的)",
      "results": [
        {
          "3-3": "ヘルハウンド",
          "4-4": "アスプ x2",
          "5-5": "ヘルハウンド、キラー",
          "6-6": "ヘルハウンド",
          "7-7": "ヘルハウンド、セイバートゥース",
          "9-9": "パスワードDV10",
          "10-10": "ファイルDV10",
          "11-11": "コントロールノードDV10",
          "12-12": "パスワードDV10",
          "13-13": "アスプ",
          "14-14": "アスプ",
          "15-15": "ドラゴン",
          "16-16": "アスプ",
          "17-17": "ドラゴン、ウィスプ",
          "18-18": "ドラゴンx2",
          "8-8": "ヘルハウンド"
        }
      ]
    },
    "First Two Floors (The Lobby)": {
      "name": "第1階層と第2階層(ロビー)",
      "results": [
        {
          "1-1": "ファイルDV6",
          "2-2": "パスワードDV6",
          "3-3": "パスワードDV8",
          "4-4": "スカンク",
          "5-5": "ウィスプ",
          "6-6": "キラー"
        }
      ]
    }
  }
}