{
  "label": "Roles",
  "mapping": {},
  "entries": {
    "Exec": {
      "name": "Exec",
      "description": "<p>Business executives and fat-cat defenders ready to risk it all to rise the corporate ladder and realize the New American dream.</p>"
    },
    "Fixer": {
      "name": "Fixer",
      "description": "<p>They can get anyone anything, as long as the price is right. Using their charm and skills of trade, they make the deals that keep the economy of the Dark Future flowing.</p>"
    },
    "Lawman": {
      "name": "Lawman",
      "description": "<p>Renegade defenders, corporate strike teams, or the last remnants of a government police force, they patrol the streets to enforce some order in an otherwise lawless world.</p>"
    },
    "Media": {
      "name": "Media",
      "description": "<p>Newspeople, influencers, and cultural phenomena, they are ready to expose the truth by any means necessary.</p>"
    },
    "Medtech": {
      "name": "Medtech",
      "description": "<p>Backalley doctors and mechanics of cyberware, using their skills to keep fellow edgerunners in good shape and cybered up, often at a price.</p>"
    },
    "Netrunner": {
      "name": "Netrunner",
      "description": "<p>Master hackers who put themselves at risk as they jack into cyberspace to download secrets and infiltrate networks.</p>"
    },
    "Nomad": {
      "name": "Nomad",
      "description": "<p>Car people, truckers, transportation afficionados, air-pirates, they are the sole carriers of product across the world, maintaining the transport and supply chains in the time of the Red.</p>"
    },
    "Rockerboy": {
      "name": "Rockerboy",
      "description": "<p>Rebellious performance artists who use their craft to influence fans/crowds and fight back.</p>"
    },
    "Solo": {
      "name": "Solo",
      "description": "<p>Experts in combat who use their fighting prowess to dominate in the lawless time of the Red.</p>"
    },
    "Tech": {
      "name": "Tech",
      "description": "<p>Superior understanding of all-things tech allow them to invent, upgrade, and repair to keep the Dark Future functioning.</p>"
    }
  }
}