{
  "label": "Drogues",
  "mapping": {},
  "entries": {
    "Antibiotic": {
      "name": "Antibiotiques",
      "description": "<p>Si une cible a commencé le processus de guérison naturel en s'injectant des antibiotiques, elle guérira de 2 points de santé supplémentaires par jour pendant une semaine. Cet effet ne se cumule pas.</p>"
    },
    "Black Lace": {
      "name": "Dentelle noire",
      "description": "<p><strong>Effet primaire</strong></p>\n<p>Une dose dure 24 heures.</p>\n<ul>\n<li>L'utilisateur perd 2d6 d'Humanité qui lui sont rendus s'il réussit la sauvegarde de l'effet secondaire</li>\n<li>L'utilisateur ignore les états de blessures graves pendant la durée de l'effet principal.</li>\n</ul>\n<p><strong> Effet secondaire (SD17)</strong></p>\n<p>Lorsque l'effet principal se termine, l'utilisateur lance <strong>VOL + Résistance torture/drogues + 1d10 contre SD</strong>.</p>\n<ul>\n<li>La perte de l'humanité en cas d'échec n'est pas rendue</li>\n<li>Si l'effet principal n'est pas actif: REF -2</li>\n</ul>"
    },
    "Blue Glass": {
      "name": "Verre bleu",
      "description": "<p><strong>Effet principal</strong></p>\n<p>Une dose dure 4 heures.</p>\n<ul>\n<li>Le MJ peut occasionnellement dire à l'utilisateur qu'il voit des tourbillons de couleurs. Lorsque cela se produit, l'utilisateur perd son action pendant un seul tour</li>\n</ul>\n<p><strong>Effet Secondaire (SD15)</strong></p>\n<ul>\n<li>Le MJ peut occasionnellement dire à l'utilisateur qu'il voit des tourbillons de couleurs. Lorsque cela se produit, l'utilisateur perd son action pendant un seul tour</li>\n</ul>"
    },
    "Boost": {
      "name": "Boost",
      "description": "<p><strong>Effet principal</strong></p>\n<p>Une dose dure 24 heures.</p>\n<ul>\n<li>L'utilisateur a INT +2 pendant la durée</li>\n</ul>\n<p><strong>Effet Secondaire (SD17)</strong></p>\n<ul>\n<li>INT -2</li>\n</ul>"
    },
    "Rapidetox": {
      "name": "Rapidétox",
      "description": "<p>Injecter une cible avec Rapidétox éliminera les effets de tous les médicaments, poisons, ou substances toxiques qui sont actuellement actifs.</p>"
    },
    "Smash": {
      "name": "Smash",
      "description": "<p><strong>Effet principal</strong></p>\n<p>Un dose dure 4 heures.</p>\n<ul>\n<li>L'utilisateur se sent heureux et satisfait</li>\n<li>+2 en Danse / Contortion / Conversation / Psychologie / Persuasion / Jeu d'acteur</li>\n</ul>\n<p><strong>Effet secondaire (SD15)</strong></p>\n<p>L'utilisateur devient accro au Smash.</p>\n<ul>\n<li>-2 en Danse / Contortion / Conversation / Psychologie / Persuasion / Jeu d'acteur</li>\n<li>Le MJ vous dira quand vous avez besoin de plus de Smash. Jeu de rôle en conséquence.</li>\n</ul>"
    },
    "Speedheal": {
      "name": "Rapidoc",
      "description": "<p>Injecter sur une cible une dose de Rapidoc régénère immédiatement les PS de la cible d'une valeur égale à leur COR + VOL. Cet effet ne fonctionne pas sur les cibles en état de blessures mortelles, et ne peut être utilisé qu'une fois par jour sur une même cible.</p>"
    },
    "Stim": {
      "name": "Stim",
      "description": "<p>Injecter sur une cible du Stim lui fait ignorer tous les malus de blessures graves pendant une heure. Il ne peut être utilisé qu'une fois par jour sur une cible.</p>"
    },
    "Surge": {
      "name": "Supercaféine",
      "description": "<p>Injecter une cible avec une dose Supercaféine les empêche de dormir pendant 24 heures. Il ne peut être utilisé que sur une cible une fois par semaine.</p>"
    },
    "Synthcoke": {
      "name": "Synthécoke",
      "description": "<p><strong>Effet principal</strong></p>\n<p>Une dose dure 4 heures.</p>\n<ul>\n<li>+1 REF pendant la durée de l'effet principal</li>\n<li>L'utilisateur se sent paranoïaque de temps en temps</li>\n</ul>\n<p><strong>Effet secondaire (SD15)</strong></p>\n<ul>\n<li>-2 REF sauf si l'effet principal est actif</li>\n<li>Le MJ vous dira quand vous êtes en manque de Synthécoke. Jeu de rôle en conséquence</li>\n</ul>"
    }
  }
}