{
  "label": "Tables aléatoires architecture NET",
  "mapping": {},
  "entries": {
    "All Other Floors (Advanced)": {
      "name": "Tous les autres étages (Avancé)",
      "results": [
        {
          "3-3": "Cerbère",
          "4-4": "Cobra x2",
          "5-5": "Cerbère, Tueur",
          "6-6": "Cerbère",
          "7-7": "Cerbère, Tigre à dents de sabre",
          "8-8": "Cerbère",
          "9-9": "Mot de passe SD10",
          "10-10": "Fichier SD10",
          "11-11": "Nœud de contrôle SD10",
          "12-12": "Mot de passe SD10",
          "13-13": "Cobra",
          "14-14": "Cobra",
          "15-15": "Dragon",
          "16-16": "Cobra",
          "17-17": "Dragon, Feu follet",
          "18-18": "Dragon x2"
        }
      ]
    },
    "All Other Floors (Basic)": {
      "name": "Tous les autres étages (Basique)",
      "results": [
        {
          "3-3": "Cerbère",
          "4-4": "Cobra x2",
          "5-5": "Cerbère, Tueur",
          "6-6": "Cerbère",
          "7-7": "Cerbère, Tigre à dents de sabre",
          "8-8": "Cerbère",
          "9-9": "Mot de passe SD10",
          "10-10": "Fichier SD10",
          "11-11": "Nœud de contrôle SD10",
          "12-12": "Mot de passe SD10",
          "13-13": "Cobra",
          "14-14": "Cobra",
          "15-15": "Dragon",
          "16-16": "Cobra",
          "17-17": "Dragon, Feu follet",
          "18-18": "Dragon x2"
        }
      ]
    },
    "All Other Floors (Standard)": {
      "name": "Tous les autres étages (Standard)",
      "results": [
        {
          "3-3": "Cerbère",
          "4-4": "Cobra x2",
          "5-5": "Cerbère, Tueur",
          "6-6": "Cerbère",
          "7-7": "Cerbère, Tigre à dents de sabre",
          "8-8": "Cerbère",
          "9-9": "Mot de passe SD10",
          "10-10": "Fichier SD10",
          "11-11": "Nœud de contrôle SD10",
          "12-12": "Mot de passe SD10",
          "13-13": "Cobra",
          "14-14": "Cobra",
          "15-15": "Dragon",
          "16-16": "Cobra",
          "17-17": "Dragon, Feu follet",
          "18-18": "Dragon x2"
        }
      ]
    },
    "All Other Floors (Uncommon)": {
      "name": "Tous les autres étages (inhabituel)",
      "results": [
        {
          "3-3": "Cerbère",
          "4-4": "Cobra x2",
          "5-5": "Cerbère, Tueur",
          "6-6": "Cerbère",
          "7-7": "Cerbère, Tigre à dents de sabre",
          "9-9": "Mot de passe SD10",
          "10-10": "Fichier SD10",
          "11-11": "Nœud de contrôle SD10",
          "12-12": "Mot de passe SD10",
          "13-13": "Cobra",
          "14-14": "Cobra",
          "15-15": "Dragon",
          "16-16": "Cobra",
          "17-17": "Dragon, Feu follet",
          "18-18": "Dragon x2",
          "8-8": "Cerbère"
        }
      ]
    },
    "First Two Floors (The Lobby)": {
      "name": "Deux premiers étages (Le Lobby)",
      "results": [
        {
          "1-1": "Fichier SD6",
          "2-2": "Mot de passe SD6",
          "3-3": "Mot de passe SD8",
          "4-4": "Putois",
          "5-5": "Feu follet",
          "6-6": "Tueur"
        }
      ]
    }
  }
}