{
  "label": "Critical Injury Tables",
  "mapping": {},
  "entries": {
    "Critical Injuries (Body)": {
      "name": "Critical Injuries (Body)",
      "results": [
        {
          "2-2": "Dismembered Arm",
          "3-3": "Dismembered Hand",
          "4-4": "Collapsed Lung",
          "5-5": "Broken Ribs",
          "6-6": "Broken Arm",
          "7-7": "Foreign Object",
          "8-8": "Broken Leg",
          "9-9": "Torn Muscle",
          "10-10": "Spinal Injury",
          "11-11": "Crushed Fingers",
          "12-12": "Dismembered Leg"
        }
      ]
    },
    "Critical Injuries (Head)": {
      "name": "Critical Injuries (Head)",
      "results": [
        {
          "2-2": "Lost Eye",
          "3-3": "Brain Injury",
          "4-4": "Damaged Eye",
          "5-5": "Concussion",
          "6-6": "Broken Jaw",
          "7-7": "Foreign Object (H)",
          "8-8": "Whiplash",
          "9-9": "Cracked Skull",
          "10-10": "Damaged Ear",
          "11-11": "Crushed Windpipe",
          "12-12": "Lost Ear"
        }
      ]
    }
  }
}