{
  "label": "Critical Injury Tables",
  "mapping": {},
  "entries": {
    "Critical Injuries (Body)": {
      "name": "Ferimento Crítico (Corpo)",
      "results": [
        {
          "2-2": "Braço Desmembrado",
          "3-3": "Mão Desmembrada",
          "4-4": "Pulmão Comprometido",
          "5-5": "Costelas Quebradas",
          "6-6": "Braço Quebrado",
          "7-7": "Objeto Estranho",
          "8-8": "Perna Quebrada",
          "9-9": "Músculo Rasgado",
          "10-10": "Lesão na Espinha",
          "11-11": "Dedos Esmagados",
          "12-12": "Perna Desmembrada"
        }
      ]
    },
    "Critical Injuries (Head)": {
      "name": "Ferimento Crítico (Cabeça)",
      "results": [
        {
          "2-2": "Olho Perdido",
          "3-3": "Lesão no cérebro",
          "4-4": "Olho Danificado",
          "5-5": "Concussão",
          "6-6": "Geleia Quebrada",
          "7-7": "Objeto Estrangeiro (H)",
          "8-8": "Chicote",
          "9-9": "Crânio Rachado",
          "10-10": "Orelha Danificada",
          "11-11": "Pipe de Vento Esmagado",
          "12-12": "Orelha Perdida"
        }
      ]
    }
  }
}