{
  "label": "Munición",
  "mapping": {},
  "entries": {
    "Arrow (Armor-Piercing)": {
      "name": "Flecha (Perforación de Armadura)",
      "description": "<p>Doble ablación a la armadura. </p>"
    },
    "Arrow (Basic)": {
      "name": "Flecha (Básica)",
      "description": "<p>Munición básica, nada especial.</p>"
    },
    "Arrow (Biotoxin)": {
      "name": "Flecha (Biotoxina)",
      "description": "<p>Sin daño inmediato. Al golpear, tira Resistir Tortugas/Drogas contra VD15. Al fallar 3d6 de daño a HP sin Ablación. </p>"
    },
    "Arrow (Expansive)": {
      "name": "Flecha (Expansiva)",
      "description": "<p>Si tira el crítico Objeto Extraño (ver pg. 187), la víctima obtiene un segundo (diferente) daño crítico. La segunda lesión no inflige daño extra.</p>"
    },
    "Arrow (Incendiary)": {
      "name": "Flecha (incendiaria)",
      "description": "<p>Si hace daño, el objetivo se considera encendido. El objetivo recibe 2 puntos de daño al final de su turno a menos que utilice acción para extinguir llamas. No se acumula. </p>"
    },
    "Arrow (Poison)": {
      "name": "Flecha (veneno)",
      "description": "<p>Sin daño inmediato. Si golpea al objetivo y pasa la armadura, tira Resistir Tortugas/Drogas contra VD13. Al fallar 2d6 de daño a PV sin ablación. </p>"
    },
    "Arrow (Rubber)": {
      "name": "Flecha (Goma)",
      "description": "<p>No causa lesiones críticas ni produce ablación. No puede dejar al objetivo con menos de 1HP. Cuenta como munición básica para armas exóticas</p>"
    },
    "Arrow (Sleep)": {
      "name": "Flecha (Dormir)",
      "description": "<p>No inflige daño. Si golpea al objetivo y pasa la armadura, tira Resiste la Torture/Drogas contra VD13. Al fallar cae inconsciente (ver pg. 169) durante 1 minuto. Puede despertarse por daño u otra persona usando una acción para tocarlos/sacudirlos.</p>"
    },
    "Arrow (Smart)": {
      "name": "Flecha (Inteligente)",
      "description": "<p>Req Ciberimplante de Sistema de Puntería, de lo contrario no se disparará. Si falla el ataque por 4 o menos, tira un segundo ataque al mismo VD 1d10+10 (sin sumar estadística). Puede añadir suerte. El objetivo puede esquivar el segundo tiro como normal si es capaz de hacerlo. </p>"
    },
    "Battery Pack": {
      "name": "Paquete de Baterías",
      "description": "<p>Un paquete de batería recargable (1 hora) usado comúnmente con armas exóticas. Contiene 8 tiros y puede ser recargado.&nbsp;</p>"
    },
    "Grenade (Armor-Piercing)": {
      "name": "Granada (Perforación de Armadura)",
      "description": "<p>Doble ablación a la armadura. </p>"
    },
    "Grenade (Biotoxin)": {
      "name": "Granada (Biotoxina)",
      "description": "<p>Sin daño inmediato. Al golpear, tira Resistir Tortugas/Drogas contra VD15. Al fallar 3d6 de daño a PV sin Ablación. </p>"
    },
    "Grenade (EMP)": {
      "name": "Granada (EMP por sus siglas en inglés)",
      "description": "<p>Si pega debe superar una tirada de Cibertecnología VD15. Si falla, 2 piezas de Cyberware o electrónica cargada (elección de GM) deja de funcionar por 1 minuto. Los cibermiembros se cuelgan sueltamente como un brazo de carne desmembrado ver pg. 187.</p>"
    },
    "Grenade (Flashbang)": {
      "name": "Granada (FlashBang)",
      "description": "<p>No inflige daño. Si golpea, tira Resistir Tortura/Drogas contra VD15. Si falla, toma las heridas críticas Ojo Dañado y Oído Dañado (ver pg. 188) durante 1 minuto. No inflige daño crítico. </p>"
    },
    "Grenade (Incendiary)": {
      "name": "Granada (Incendiaria)",
      "description": "<p>Si hace daño, el objetivo se considera encendido. El objetivo recibe 2 puntos de daño al final de su turno, a menos que utilice acción para extinguir llamas. No se acumula. </p>"
    },
    "Grenade (Poison)": {
      "name": "Granada (Veneno)",
      "description": "<p>Sin daño inmediato. Si golpea al objetivo y pasa la armadura, tira Resistir Tortugas/Drogas contra VD13. Al fallar 2d6 de daño a PV sin ablación. </p>"
    },
    "Grenade (Sleep)": {
      "name": "Granada (Dormir)",
      "description": "<p>No inflige daño. Si golpea al objetivo y pasa la armadura, tira Resistir Tortura/Drogas contra VD13. Al fallar cae inconsciente (ver pg. 169) durante 1 minuto. Puede despertarse por daño u otra persona usando una acción para tocarlos/sacudirlos.</p>"
    },
    "Grenade (Smoke)": {
      "name": "Granada (Humo)",
      "description": "<p>No inflige daño. Llena 10m/yd x 10m/yd con humo durante 1 minuto. Las tareas oscurecidas por humo tienen una penalidad de -4.</p>"
    },
    "Grenade (Teargas)": {
      "name": "Granada (Lacrimógena)",
      "description": "<p>No inflige daño. Golpea los ojos si están descubiertos. Tira para resistir la tortura/drogas contra VD13. Si falla, sufre lesiones críticas Ojo Dañado (ver página 188) durante 1 minuto. No inflige daño adicional crítico.</p>"
    },
    "Heavy Pistol (Armor-Piercing)": {
      "name": "Pistola Pesada (Perforación de Armadura)",
      "description": "<p>Doble ablación a la armadura. </p>"
    },
    "Heavy Pistol (Basic)": {
      "name": "Pistola Pesada (Básica)",
      "description": "<p>Munición básica, nada especial.</p>"
    },
    "Heavy Pistol (Expansive)": {
      "name": "Pistola Pesada (Expansiva)",
      "description": "<p>Si tira el crítico Objeto Extraño (ver pg. 187), la víctima obtiene un segundo (diferente) daño crítico. La segunda lesión no inflige daño extra.</p>"
    },
    "Heavy Pistol (Incendiary)": {
      "name": "Pistola Pesada (Incendiaria)",
      "description": "<p>Si hace daño, el objetivo se considera encendido. El objetivo recibe 2 puntos de daño al final de su turno, a menos que utilice acción para extinguir llamas. No se acumula. </p>"
    },
    "Heavy Pistol (Rubber)": {
      "name": "Pistola Pesada (Goma)",
      "description": "<p>No causa lesiones críticas ni produce ablación. No puede dejar al objetivo con menos de 1 PV. Cuenta como munición básica para armas exóticas</p>"
    },
    "Heavy Pistol (Smart)": {
      "name": "Pistola Pesada (Inteligente)",
      "description": "<p>Req Ciberimplante de Sistema de Puntería, de lo contrario no se disparará. Si falla el ataque por 4 o menos, tira un segundo ataque al mismo VD 1d10+10 (sin sumar estadística). Puede añadir suerte. El objetivo puede esquivar el segundo tiro como normal si es capaz de hacerlo. </p>"
    },
    "Medium Pistol (Armor-Piercing)": {
      "name": "Pistola Media (Perforación de Armadura)",
      "description": "<p>Doble ablación a la armadura. </p>"
    },
    "Medium Pistol (Basic)": {
      "name": "Pistola Media (Básica)",
      "description": "<p>Munición básica, nada especial.</p>"
    },
    "Medium Pistol (Expansive)": {
      "name": "Pistola Media (Expansiva)",
      "description": "<p>Si tira el crítico Objeto Extraño (ver pg. 187), la víctima obtiene un segundo (diferente) daño crítico. La segunda lesión no inflige daño extra.</p>"
    },
    "Medium Pistol (Incendiary)": {
      "name": "Pistola Media (Incendiaria)",
      "description": "<p>Si hace daño, el objetivo se considera encendido. El objetivo recibe 2 puntos de daño al final de su turno, a menos que utilice acción para extinguir llamas. No se acumula. </p>"
    },
    "Medium Pistol (Rubber)": {
      "name": "Pistola Media (Goma)",
      "description": "<p>No causa lesiones críticas ni produce ablación. No puede dejar al objetivo con menos de 1 PV. Cuenta como munición básica para armas exóticas</p>"
    },
    "Medium Pistol (Smart)": {
      "name": "Pistola Media (Inteligente)",
      "description": "<p>Req Ciberimplante de Sistema de Puntería, de lo contrario no se disparará. Si falla el ataque por 4 o menos, tira un segundo ataque al mismo VD 1d10+10 (sin sumar estadística). Puede añadir suerte. El objetivo puede esquivar el segundo tiro como normal si es capaz de hacerlo. </p>"
    },
    "Paintball (Acid)": {
      "name": "Bola de Pintura (Ácido)",
      "description": "<p>Bolas de Pintura llenas de ácido. No inflige daño, pero produce ablación de la armadura 1 CP al golpear*.</p>\n<p><em>*Actualmente no está soportado, por lo que tendrá que reducir manualmente la armadura al golpear</em></p>"
    },
    "Paintball (Basic)": {
      "name": "Bola de Pintura (Básica)",
      "description": "<p>Bolas de Pintura regulares que no causan daño. Pero molestan.</p>"
    },
    "Rifle (Armor-Piercing)": {
      "name": "Rifle (Perforación de Armadura)",
      "description": "<p>Doble ablación a la armadura. </p>"
    },
    "Rifle (Basic)": {
      "name": "Rifle (Básica)",
      "description": "<p>Munición básica, nada especial.</p>"
    },
    "Rifle (Expansive)": {
      "name": "Rifle (Expansiva)",
      "description": "<p>Si tira el crítico Objeto Extraño (ver pg. 187), la víctima obtiene un segundo (diferente) daño crítico. La segunda lesión no inflige daño extra.</p>"
    },
    "Rifle (Incendiary)": {
      "name": "Rifle (Incendiaria)",
      "description": "<p>Si hace daño, el objetivo se considera encendido. El objetivo recibe 2 puntos de daño al final de su turno, a menos que utilice acción para extinguir llamas. No se acumula. </p>"
    },
    "Rifle (Rubber)": {
      "name": "Rifle (Goma)",
      "description": "<p>No causa lesiones críticas ni produce ablación. No puede dejar al objetivo con menos de 1 PV. Cuenta como munición básica para armas exóticas</p>"
    },
    "Rifle (Smart)": {
      "name": "Rifle (Inteligente)",
      "description": "<p>Req Ciberimplante de Sistema de Puntería, de lo contrario no se disparará. Si falla el ataque por 4 o menos, tira un segundo ataque al mismo VD 1d10+10 (sin sumar estadística). Puede añadir suerte. El objetivo puede esquivar el segundo tiro como normal si es capaz de hacerlo. </p>"
    },
    "Rocket (Armor-Piercing)": {
      "name": "Cohete (Perforación de Armadura)",
      "description": "<p>Doble ablación a la armadura. </p>"
    },
    "Rocket (Smart)": {
      "name": "Cohete (Inteligente)",
      "description": "<p>Req Ciberimplante de Sistema de Puntería, de lo contrario no se disparará. Si falla el ataque por 4 o menos, tira un segundo ataque al mismo VD 1d10+10 (sin sumar estadística). Puede añadir suerte. El objetivo puede esquivar el segundo tiro como normal si es capaz de hacerlo. </p>"
    },
    "Shotgun Shell (Basic)": {
      "name": "Cartuchos de Escopeta (Básicos)",
      "description": "<p>Munición básica, nada especial.</p>"
    },
    "Shotgun Shell (Incendiary)": {
      "name": "Cartuchos de Escopeta (Incendiario)",
      "description": "<p>Si hace daño, el objetivo se considera encendido. El objetivo recibe 2 puntos de daño al final de su turno, a menos que utilice acción para extinguir llamas. No se acumula. </p>"
    },
    "Shotgun Slug (Armor-Piercing)": {
      "name": "Posta de Escopeta (Perforación de Armadura)",
      "description": "<p>Doble ablación a la armadura. </p>"
    },
    "Shotgun Slug (Basic)": {
      "name": "Posta de Escopeta (Básica)",
      "description": "<p>Munición básica, nada especial.</p>"
    },
    "Shotgun Slug (Expansive)": {
      "name": "Posta de Escopeta (Expansiva)",
      "description": "<p>Si tira el crítico Objeto Extraño (ver pg. 187), la víctima obtiene un segundo (diferente) daño crítico. La segunda lesión no inflige daño extra.</p>"
    },
    "Shotgun Slug (Incendiary)": {
      "name": "Posta de Escopeta (Incendiaria)",
      "description": "<p>Si hace daño, el objetivo se considera encendido. El objetivo recibe 2 puntos de daño al final de su turno, a menos que utilice acción para extinguir llamas. No se acumula. </p>"
    },
    "Shotgun Slug (Rubber)": {
      "name": "Posta de Escopeta (Goma)",
      "description": "<p>No causa lesiones críticas ni produce ablación. No puede dejar al objetivo con menos de 1 PV. Cuenta como munición básica para armas exóticas</p>"
    },
    "Shotgun Slug (Smart)": {
      "name": "Posta de Escopeta (Inteligente)",
      "description": "<p>Req Ciberimplante de Sistema de Puntería, de lo contrario no se disparará. Si falla el ataque por 4 o menos, tira un segundo ataque al mismo VD 1d10+10 (sin sumar estadística). Puede añadir suerte. El objetivo puede esquivar el segundo tiro como normal si es capaz de hacerlo. </p>"
    },
    "Very Heavy Pistol (Armor-Piercing)": {
      "name": "Pistola Muy Pesada (Perforación de Armadura)",
      "description": "<p>Doble ablación a la armadura. </p>"
    },
    "Very Heavy Pistol (Basic)": {
      "name": "Pistola Muy Pesada (Básica)",
      "description": "<p>Munición básica, nada especial.</p>"
    },
    "Very Heavy Pistol (Expansive)": {
      "name": "Pistola Muy Pesada (Expansiva)",
      "description": "<p>Si tira el crítico Objeto Extraño (ver pg. 187), la víctima obtiene un segundo (diferente) daño crítico. La segunda lesión no inflige daño extra.</p>"
    },
    "Very Heavy Pistol (Incendiary)": {
      "name": "Pistola Muy Pesada (Incendiaria)",
      "description": "<p>Si hace daño, el objetivo se considera encendido. El objetivo recibe 2 puntos de daño al final de su turno, a menos que utilice acción para extinguir llamas. No se acumula. </p>"
    },
    "Very Heavy Pistol (Rubber)": {
      "name": "Pistola Muy Pesada (Goma)",
      "description": "<p>No causa lesiones críticas ni produce ablación. No puede dejar al objetivo con menos de 1 PV. Cuenta como munición básica para armas exóticas</p>"
    },
    "Very Heavy Pistol (Smart)": {
      "name": "Pistola Muy Pesada (Inteligente)",
      "description": "<p>Req Ciberimplante de Sistema de Puntería, de lo contrario no se disparará. Si falla el ataque por 4 o menos, tira un segundo ataque al mismo VD 1d10+10 (sin sumar estadística). Puede añadir suerte. El objetivo puede esquivar el segundo tiro como normal si es capaz de hacerlo. </p>"
    }
  }
}