{
  "label": "Vehicles",
  "mapping": {},
  "entries": {
    "AmeriCar EconoCompact": {
      "name": "AmeriCar EconoCompact",
      "description": "<p>Small and low-cost Compact Groundcar.</p>\n"
    },
    "AmeriCar Family Star Van": {
      "name": "AmeriCar Family Star Van",
      "description": "<p>Comfortable family Compact Groundcar.</p>\n"
    },
    "Dayton TDT 004": {
      "name": "Dayton TDT 004",
      "description": "<p>Troop transport Helicopter.</p>\n"
    },
    "Diego Motors Chupacabra": {
      "name": "Diego Motors Chupacabra",
      "description": "<p>\n  Compact Groundcar built from recycled parts from older vehicles. Low-tech but\n  high-horse-power.\n</p>\n"
    },
    "Diego Motors Range Trike": {
      "name": "Diego Motors Range Trike",
      "description": "<p>Three wheeled Roadbike.</p>\n"
    },
    "Grundy": {
      "name": "Grundy",
      "description": "<p>Armored industrial looking Compact Grouncar, with a powerful combat plow.</p>\n"
    },
    "Harriet 100": {
      "name": "Harriet 100",
      "description": "<p>A classic Roadbike with a more feminine look.</p>\n"
    },
    "Harvey 100": {
      "name": "Harvey 100",
      "description": "<p>A classic Roadbike.</p>\n"
    },
    "Harvey Merc": {
      "name": "Harvey Merc",
      "description": "<p>A classic Roadbike, this time with mounted weapons.</p>\n"
    },
    "Highway Master Artemis": {
      "name": "Highway Master Artemis",
      "description": "<p>\n  A low-riding Roadbike with retractable glass cover. Has a surpercharge mode\n  that doesn't come with a safety guarantee.\n</p>\n"
    },
    "Kaukaz Volkhov": {
      "name": "Kaukaz Volkhov",
      "description": "<p>\n  An armored pickup Compact Groundcar with mounted machine gun. Comes with a\n  bottle of vodka.\n</p>\n"
    },
    "Makigai Ebi": {
      "name": "Makigai Ebi",
      "description": "<p>Small but well thought out Compact Groundcar.</p>\n"
    },
    "Militech Gorgon Security Van": {
      "name": "Militech Gorgon Security Van",
      "description": "<p>A monster of an armored van.</p>\n"
    },
    "Paladin 500": {
      "name": "Paladin 500",
      "description": "<p>\n  A High Performance Groundcar. Now you can be MadMax. In town. With two mounted\n  Machine Guns.\n</p>\n"
    },
    "Quadra Thunder-X": {
      "name": "Quadra Thunder-X",
      "description": "<p>A top of the line High Performance Groundcar.</p>\n"
    },
    "SH-45 Patroller Law": {
      "name": "SH-45 Patroller Law",
      "description": "<p>One seat Gyrocopter. Police version, with mounted Machine Gun.</p>\n"
    },
    "SH-45 Patroller": {
      "name": "SH-45 Patroller",
      "description": "<p>One seat Gyrocopter. Civilian version.</p>\n"
    },
    "Street King Combat Vehicle": {
      "name": "Street King Combat Vehicle",
      "description": "<p>\n  A High Performance Groundcar which is large, armored and has a military look.\n</p>\n"
    },
    "Tanson Bellhop": {
      "name": "Tanson Bellhop",
      "description": "<p>\n  A one seat Gyrocopter which can be folded to the size of a large suitcase.\n</p>\n"
    },
    "Tanson JetBoy Hoverboard": {
      "name": "Tanson JetBoy Hoverboard",
      "description": "<p>A hoverboard driven with Athletics Skill. Can't be upgraded.</p>\n"
    },
    "TetraCorp America Badger Corporate Bus": {
      "name": "TetraCorp America Badger Corporate Bus",
      "description": "<p>\n  A luxurious bus for corporate road trips. Equally well equipped for work\n  meetings and after meeting drinks.\n</p>\n"
    },
    "TetraCorp America MegaHauler": {
      "name": "TetraCorp America MegaHauler",
      "description": "<p>Armored truck transport. As much a train as a car.</p>\n"
    },
    "Yang's Wheels Rickshaw": {
      "name": "Yang's Wheels Rickshaw",
      "description": "<p>Roadbike with attached trailer for passengers.</p>\n"
    },
    "Zacatzontli Pickup Truck": {
      "name": "Zacatzontli Pickup Truck",
      "description": "<p>A Compact Groundcar equipped for off-road travel.</p>\n"
    },
    "Zetatech AeroCop": {
      "name": "Zetatech AeroCop",
      "description": "<p>AV4 type Aerodyne. Police version.</p>\n"
    },
    "Zetatech AeroVox": {
      "name": "Zetatech AeroVox",
      "description": "<p>AV4 type Aerodyne. Civilian version.</p>\n"
    },
    "Zetatech Destination": {
      "name": "Zetatech Destination",
      "description": "<p>AV4 style Aerodyne, civilian model.</p>\n"
    },
    "Zetatech Herakles": {
      "name": "Zetatech Herakles",
      "description": "<p>AV4 type troop transport, armored and armed.</p>\n"
    },
    "Zonda Molly 1K": {
      "name": "Zonda Molly 1K",
      "description": "<p>Off-road Compact Groundcar.</p>\n"
    },
    "Zonda Parallax Cybercycle": {
      "name": "Zonda Parallax Cybercycle",
      "description": "<p>Top of the line Superbike.</p>\n"
    },
    "Zonda Sliver": {
      "name": "Zonda Sliver",
      "description": "<p>A Roadbike with all the gadgets you'd ever need.</p>\n"
    }
  }
}