{
  "label": "Elflines Online",
  "mapping": {},
  "entries": {
    "Elflines Online": {
      "name": "Elflines Online",
      "description": "<p>A new in-box copy of the hit BDMMORPG Elflines Online.</p>\n"
    },
    "Rank 10 ELO Character": {
      "name": "Rank 10 ELO Character",
      "description": "<p>\n  A power-leveled Rank 10 ELO character. (ELO Character must be created via the\n  Macro and ranked up manually.)\n</p>\n"
    },
    "Rush Revolution": {
      "name": "Rush Revolution",
      "description": "<p>Braindance Headset. Required to play Elflines Online.</p>\n"
    }
  }
}