{
  "label": "Black Chrome Plus",
  "mapping": {
    "dvTable": "system.dvTable"
  },
  "entries": {
    "Arrow (Junk)": {
      "name": "Arrow (Junk)",
      "description": "<p>\n  Junk ammo; cheap but deals 1d6 less damage against anyone with 1SP or more.\n</p>\n"
    },
    "Big Dreem Rounds": {
      "name": "Big Dreem Rounds",
      "description": "<p>Custom Ammo for the Teen Dreem.</p>\n"
    },
    "Heavy Pistol (Junk)": {
      "name": "Heavy Pistol (Junk)",
      "description": "<p>\n  Junk ammo; cheap but deals 1d6 less damage against anyone with more than 1SP.\n</p>\n"
    },
    "Heavy Pistol (Small Game)": {
      "name": "Heavy Pistol (Small Game)",
      "description": "<p>Small game ammo; not great for people. Deals 2d6 less damage.</p>\n"
    },
    "Medium Pistol (Junk)": {
      "name": "Medium Pistol (Junk)",
      "description": "<p>\n  Junk ammo; cheap but deals 1d6 less damage against anyone with 1SP or more.\n</p>\n"
    },
    "Medium Pistol (Small Game)": {
      "name": "Medium Pistol (Small Game)",
      "description": "<p>Small game ammo; not great for people. Deals 2d6 less damage.</p>\n"
    },
    "Rifle (Junk)": {
      "name": "Rifle (Junk)",
      "description": "<p>\n  Junk ammo; cheap but deals 1d6 less damage against anyone with 1SP or more.\n</p>\n"
    },
    "Rifle (Small Game)": {
      "name": "Rifle (Small Game)",
      "description": "<p>Small game ammo; not great for people. Deals 2d6 less damage.</p>\n"
    },
    "Shotgun Slug (Junk)": {
      "name": "Shotgun Slug (Junk)",
      "description": "<p>\n  Junk ammo; cheap but deals 1d6 less damage against anyone with 1SP or more.\n</p>\n"
    },
    "Very Heavy Pistol (Junk)": {
      "name": "Very Heavy Pistol (Junk)",
      "description": "<p>\n  Junk ammo; cheap but deals 1d6 less damage against anyone with 1SP or more.\n</p>\n"
    },
    "Very Heavy Pistol (Small Game)": {
      "name": "Very Heavy Pistol (Small Game)",
      "description": "<p>Small game ammo; not great for people. Deals 2d6 less damage.</p>\n"
    },
    "Scavenged Armor": {
      "name": "Scavenged Armor",
      "description": "<p>\n  A scavenged set of Light Armorjack body armor that is unable to be repaired.\n</p>\n"
    },
    "Piranha Smash": {
      "name": "Piranha Smash",
      "description": "<p>\n  Looks like smash but it's smash with a lime flavor. And a lower risk of\n  addiction.\n</p>\n<p><strong>Primary Effect</strong></p>\n<p>Dose lasts 4 hours.</p>\n<p>\n  The user feels happy and satisfied, receiving a temporary modifier of +2 to\n  the following skills\n</p>\n<ul>\n  <li>Acting</li>\n  <li>Dance</li>\n  <li>Contortionist</li>\n  <li>Conversation</li>\n  <li>Human Perception</li>\n  <li>Persuasion</li>\n</ul>\n<p><strong>Secondary Effect (DV9)</strong></p>\n<p>\n  When the dose wears off, the user rolls\n  <strong>WILL + Resist Torture/Drugs + 1d10 against Secondary DV</strong>.\n</p>\n<p>If this fails, they take a -2 to the following skills</p>\n<ul>\n  <li>Acting</li>\n  <li>Dance</li>\n  <li>Contortionist</li>\n  <li>Conversation</li>\n  <li>Human Perception</li>\n  <li>Persuasion</li>\n</ul>\n"
    },
    "Bullet To Slug Adapter Casings": {
      "name": "Bullet To Slug Adapter Casings",
      "description": "<p>Make any bullet able to be fired as a shotgun slug.</p>\n<p>A box of Bullet to Slug Adapter Casings comes with 10 casings.</p>\n<p>\n  You can load 10 bullets into 10 adapters using the included jig in an Action.\n  If loading by hand it takes an Action to load 1 bullet.\n</p>\n"
    },
    "Solo of Fortune Bodypillow": {
      "name": "Solo of Fortune Bodypillow",
      "description": "<p>\n  Bodypillow with the image of a famous Solo from the 2020s (such as Morgan\n  Blackhand, BoaBoa Weyland, or Adam Smasher).\n</p>\n<p>\n  20 inches x 54 inches (50.8 cm x 137.16 cm), except for the Adam Smasher\n  pillow which is considerably larger.\n</p>\n"
    },
    "Big Dreem": {
      "name": "Big Dreem",
      "description": "<p>\n  Exotic SMG. Autofire only. Even if you drop the weapon, it will continue to\n  Autofire.\n</p>\n",
      "dvTable": "DV SMG (Autofire)"
    },
    "Hello Cutie 1TruLuv": {
      "name": "Hello Cutie 1TruLuv",
      "description": "<p>Exotic Sniper Rifle. Can load non basic ammunition.</p>\n<p>\n  Equipped with a Sniping Scope and Infrared Night Vision Scope*, and built-in\n  Agent which includes a pseudo AI girlfriend who can recognize and talk to the\n  owner.\n</p>\n<p>\n  Take good care of it/her and use it/her regularly and the weapon improves.\n  Neglect it/her and you'll have to apologize...\n</p>\n<p>\n  <em\n    >* These upgrades need to be installed manually after adding to an actor<br\n  /></em>\n</p>\n",
      "dvTable": "DV Sniper Rifle"
    },
    "Molotov Cocktail": {
      "name": "Molotov Cocktail",
      "description": "<p>Fragile Incendiary Grenade. Set a target Deadly on Fire (see CP:R p.180)</p>\n",
      "dvTable": "DV Thrown Weapon"
    },
    "SportMaster": {
      "name": "SportMaster",
      "description": "<p>\n  A sport rifle, for fun, not people. Can only load Small Game Ammunition and is\n  incapable of Autofire and Suppressive Fire.\n</p>\n",
      "dvTable": "DV Assault Rifle"
    },
    "SurvivalMaster": {
      "name": "SurvivalMaster",
      "description": "<p>Exotic Assault Rifle, no Autofire, no Suppressive Fire.</p>\n",
      "dvTable": "DV Assault Rifle"
    },
    "Timeless WW1 Rifle to Pistol Conversion": {
      "name": "Timeless WW1 Rifle to Pistol Conversion",
      "description": "<p>Poor Quality Very Heavy Pistol.</p>\n<p>Manual rearming of the bolt between each shot (one Action).</p>\n",
      "dvTable": "DV Pistol"
    }
  }
}