{
  "label": "Upgrades",
  "mapping": {},
  "entries": {
    "4Tify": {
      "name": "4Tify",
      "description": "<p>Agent App.</p>\n<p>Can reveal weak points by scanning your home. Or a section of cover...</p>\n"
    },
    "Digital Gladiator": {
      "name": "Digital Gladiator",
      "description": "<p>Agent App.</p>\n<p>Perhaps you're better suited to duking it out online than in the streets…</p>\n<p>\n  Rules related to creating, playing with, and fighting an opponent in Digital\n  Gladiator are contained in Black Chrome rulebook for this item.\n</p>\n"
    },
    "NCPD Crime Database": {
      "name": "NCPD Crime Database",
      "description": "<p>Agent App.</p>\n<p>\n  Requires CitiNet access in Night City. Allows user to research crime database.\n</p>\n"
    },
    "Trauma Team MedScan": {
      "name": "Trauma Team MedScan",
      "description": "<p>Agent App.</p>\n<p>\n  Requires CitiNet access. MedScan can connect you to a Trauma Team Remote\n  Specialist but their actual guidance costs extra.\n</p>\n<p>\n  For an increased fee, a remote Trauma Specialist can be hired to direct the\n  user through an entire 4-hour procedure.\n</p>\n<p>\n  Rules related to cost of hiring and procedures allowed to be done with this\n  App are contained in Black Chrome rulebook for this item.\n</p>\n"
    },
    "Ziggurat City Database": {
      "name": "Ziggurat City Database",
      "description": "<p>Agent App.</p>\n<p>\n  +1 bonus to all Local Expert Skills Checks related to communities and\n  neighborhoods for that city.\n</p>\n"
    }
  }
}