{
  "label": "Night City Weather",
  "mapping": {
    "dvTable": "system.dvTable"
  },
  "entries": {
    "Umbrella": {
      "name": "Umbrella",
      "description": "<p>\n  Protects against Acid Rain. For every minute exposed to Acid Rain, all armor\n  ablates by 1 SP (NCW pg 4).\n</p>\n<p>\n  +2 to Resist Torture/Drugs Checks from Blood Rain exposure. Severe Blood Rain\n  applies the effects of a Vial of Biotoxin on failed check (NCW pg 4).\n</p>\n"
    },
    "Cold-Weather Jacket Lining": {
      "name": "Cold-Weather Jacket Lining",
      "description": "<p>\n  Upgrade for any Jacket fashion item. User will not suffer Exposure penalties\n  from cold temperatures (CP:R pg 181).\n</p>\n"
    },
    "Hot-Weather Jacket Lining": {
      "name": "Hot-Weather Jacket Lining",
      "description": "<p>\n  Upgrade for any Jacket fashion item. User will not suffer Exposure penalties\n  from hot temperatures (CP:R pg 181).\n</p>\n<p>\n  Heatwaves double all penalties from heavier armor (NCW pg 5). For example, a\n  user with Medium Armorjack takes a -4 penalty to MOVE, DEX, and REF during a\n  Heatwave. Hot-Weather Jacket Lining decreases each of these penalties by 1.\n</p>\n"
    },
    "Waterproof Jacket Lining": {
      "name": "Waterproof Jacket Lining",
      "description": "<p>\n  Upgrade for any Jacket fashion item. Mechanically similar to an umbrella, does\n  not serve as a wetsuit.\n</p>\n<p>\n  Protects against Acid Rain. For every minute exposed to Acid Rain, all armor\n  ablates by 1 SP (NCW pg 4).\n</p>\n<p>\n  +2 to Resist Torture/Drugs Checks from Blood Rain exposure. Severe Blood Rain\n  applies the effects of a Vial of Biotoxin on failed check (NCW pg 4).\n</p>\n"
    },
    "Tactical Umbrella": {
      "name": "Tactical Umbrella",
      "description": "<p>\n  A stylish umbrella with pop-out weapons. Contains a Poor Quality Exotic Heavy\n  Pistol (2 bullet capacity).\n</p>\n<p>\n  Multiple Weapon Modes: Tactical Umbrella also contains an Excellent Quality\n  Exotic Heavy Melee Weapon.\n</p>\n<p>Provides the protection of a normal umbrella (NCW pg 6)</p>\n",
      "dvTable": "DV Pistol"
    }
  }
}