{
  "label": "Elflines Online the Trading Card Game",
  "mapping": {
    "dvTable": "system.dvTable"
  },
  "entries": {
    "Elflines Online Playing Cards": {
      "name": "Elflines Online Playing Cards",
      "description": "<p>\n  Cards meant to be used as part of playing Elfines Online The Trading Card\n  Game.\n</p>\n"
    },
    "Duel Caster": {
      "name": "Duel Caster",
      "description": "<p>\n  A plastic housing and card launcher for ELO Cards. ROF 3 if only weapon fired\n  on your turn. Can also be loaded with normal playing cards but makes the\n  weapon Poor Quality.\n</p>\n",
      "dvTable": "DV Pistol"
    },
    "Scarlet Blackbow": {
      "name": "Scarlet Blackbow",
      "description": "<p>\n  A revitalized bow that must be reloaded after every attack. If you roll 1 on\n  Attack (Crit fail) the bow's battery pack explodes. Comes bundeled with a\n  Quiver and 6 Rubber Arrows.\n</p>\n",
      "dvTable": "DV Bows & Crossbows"
    },
    "Sword of Arvish": {
      "name": "Sword of Arvish",
      "description": "<p>\n  A bladed, hilted weapon. Specifically designed for cutting or thrusting. If\n  you roll 1 on Attack (Crit Fail) the weapon crushes the wielder's fingers.\n</p>\n"
    }
  }
}