{
  "label": "Cargo Containers and Cube Hotels",
  "mapping": {},
  "entries": {
    "A Touch of Luxury Furniture Set": {
      "name": "A Touch of Luxury Furniture Set",
      "description": "<p>This Furniture Set makes your Cargo Container almost feel like a home.</p>\n"
    },
    "Cargo Container Chic Furniture Set": {
      "name": "Cargo Container Chic Furniture Set",
      "description": "<p>\n  It might be cheap, but it is real furniture. This is the starting Furniture\n  Set for most cargo containers.\n</p>\n"
    },
    "Fire Safe": {
      "name": "Fire Safe",
      "description": "<p>Small fireproof lockbox made of Thick Steel.</p>\n<ul>\n  <li>50HP</li>\n  <li>30cm / 1ft</li>\n  <li>Can be picked with a <strong>DV15 Pick Lock</strong> Skill Check</li>\n</ul>\n"
    },
    "Hidden Compartment": {
      "name": "Hidden Compartment",
      "description": "<p>A small hidden compartment inside the Cargo Container.</p>\n<ul>\n  <li>15.25x30x7.5cm / 6x12x3in</li>\n  <li>\n    Can be found with a <strong>DV15 Conceal/Reveal Object</strong> Skill Check\n  </li>\n</ul>\n"
    },
    "Koff Popper": {
      "name": "Koff Popper",
      "description": "<p>\n  The Continental Brands Koff Popper is the only specialty thermos you'll need.\n</p>\n<ul>\n  <li>Thermos with built in Kof Pop brewer</li>\n  <li>Holds 237ml/8oz</li>\n  <li>Can only be purchased at an Oasis store</li>\n</ul>\n"
    },
    "Koff Pops": {
      "name": "Koff Pops",
      "description": "<p>Koff Pops used with the Continental Brands Koff Popper.</p>\n<ul>\n  <li>Pack of 10</li>\n  <li>Included in Kibble or higher lifestyle</li>\n</ul>\n"
    },
    "Second-hand Special Furniture Set": {
      "name": "Second-hand Special Furniture Set",
      "description": "<p>\n  It may not look pretty, but it works. This furniture Set is the bare minimum\n  your Cargo Container needs.\n</p>\n"
    },
    "Smart Vanity": {
      "name": "Smart Vanity",
      "description": "<p>\n  Smart grooming station. Comes fully equipped with any tools and makeup you'll\n  need.\n</p>\n"
    },
    "Wall Art": {
      "name": "Wall Art",
      "description": "<p>Cheap poster.</p>\n"
    }
  }
}