{
  "label": "DV Rolltables",
  "mapping": {},
  "entries": {
    "DV Assault Rifle (Autofire)": {
      "name": "PT Karabiny szturmowe (Ogień ciągły)",
      "results": [
        {
          "0-6": "22",
          "7-12": "20",
          "13-25": "17",
          "26-50": "20",
          "51-100": "25",
          "101-200": "N/A",
          "201-400": "N/A",
          "401-800": "N/A"
        }
      ]
    },
    "DV Assault Rifle": {
      "name": "PT Karabiny szturmowe",
      "results": [
        {
          "0-6": "17",
          "7-12": "16",
          "13-25": "15",
          "26-50": "13",
          "51-100": "15",
          "101-200": "20",
          "201-400": "25",
          "401-800": "30"
        }
      ]
    },
    "DV Bows & Crossbows": {
      "name": "PT Łuki i kusze",
      "results": [
        {
          "0-6": "15",
          "7-12": "13",
          "13-25": "15",
          "26-50": "17",
          "51-100": "20",
          "101-200": "22",
          "201-400": "N/A",
          "401-800": "N/A"
        }
      ]
    },
    "DV Generic": {
      "name": "DV Generic",
      "results": [
        {
          "0-6": "",
          "7-12": "",
          "13-25": "",
          "26-50": "",
          "51-100": "",
          "101-200": "",
          "201-400": "",
          "401-800": ""
        }
      ]
    },
    "DV Grenade Launcher": {
      "name": "PT Granatniki",
      "results": [
        {
          "0-6": "16",
          "7-12": "15",
          "13-25": "15",
          "26-50": "17",
          "51-100": "20",
          "101-200": "22",
          "201-400": "25",
          "401-800": "N/A"
        }
      ]
    },
    "DV Long-Barrel Pistol": {
      "name": "DV Long-Barrel Pistol",
      "results": [
        {
          "0-6": "14",
          "7-12": "13",
          "13-25": "14",
          "26-50": "20",
          "51-100": "25",
          "101-200": "28",
          "201-400": "30",
          "401-800": "N/A"
        }
      ]
    },
    "DV Pistol": {
      "name": "PT Pistolety",
      "results": [
        {
          "0-6": "13",
          "7-12": "15",
          "13-25": "20",
          "26-50": "25",
          "51-100": "30",
          "101-200": "30",
          "201-400": "N/A",
          "401-800": "N/A"
        }
      ]
    },
    "DV Rocket Launcher": {
      "name": "PT Wyrzutnie rakiet",
      "results": [
        {
          "0-6": "17",
          "7-12": "16",
          "13-25": "15",
          "26-50": "15",
          "51-100": "20",
          "101-200": "20",
          "201-400": "25",
          "401-800": "30"
        }
      ]
    },
    "DV Shotgun (Slug)": {
      "name": "PT Strzelba (Pocisk)",
      "results": [
        {
          "0-6": "13",
          "7-12": "15",
          "13-25": "20",
          "26-50": "25",
          "51-100": "30",
          "101-200": "35",
          "201-400": "N/A",
          "401-800": "N/A"
        }
      ]
    },
    "DV SMG (Autofire)": {
      "name": "PT PM-y (Ogień ciągły)",
      "results": [
        {
          "0-6": "20",
          "7-12": "17",
          "13-25": "20",
          "26-50": "25",
          "51-100": "30",
          "101-200": "N/A",
          "201-400": "N/A",
          "401-800": "N/A"
        }
      ]
    },
    "DV SMG": {
      "name": "PT PM-y",
      "results": [
        {
          "0-6": "15",
          "7-12": "13",
          "13-25": "15",
          "26-50": "20",
          "51-100": "25",
          "101-200": "25",
          "201-400": "30",
          "401-800": "N/A"
        }
      ]
    },
    "DV Sniper Rifle": {
      "name": "PT Karabiny snajperskie",
      "results": [
        {
          "0-6": "30",
          "7-12": "25",
          "13-25": "25",
          "51-100": "15",
          "101-200": "16",
          "201-400": "17",
          "401-800": "20",
          "26-50": "20"
        }
      ]
    },
    "DV Thrown Weapon": {
      "name": "PT Broń rzucana",
      "results": [
        {
          "0-6": "16",
          "7-12": "15",
          "13-25": "15",
          "26-50": "N/A",
          "51-100": "N/A",
          "101-200": "N/A",
          "201-400": "N/A",
          "401-800": "N/A"
        }
      ]
    }
  }
}