{
  "label": "Amunicja",
  "mapping": {},
  "entries": {
    "Arrow (Armor-Piercing)": {
      "name": "Strzała (Przeciwpancerna)",
      "description": "<p>Double ablation to armor.</p>"
    },
    "Arrow (Basic)": {
      "name": "Strzała (Zwykła)",
      "description": "<p>Zwykła amunicja, nic specjalnego.</p>"
    },
    "Arrow (Biotoxin)": {
      "name": "Strzała (Biotoksyna)",
      "description": "<p>Ten rodzaj amunicji nie zadaje obrażeń. Zamiast tego cele biologiczne trafione tym atakiem muszą wykonać udany Test Odporności na tortury/narkotyki o PT 15 albo otrzymają 3k6 obrażeń bezpośrednich (bez pancerza). Pancerz nie ulega uszkodzeniu, ponieważ do niczego się nie przydał. </p>"
    },
    "Arrow (Expansive)": {
      "name": "Strzała (Dum-dum)",
      "description": "<p>Gdy ta amunicja spowoduje Ranę Krytyczną Ciało obce, cel rzuca ponownie w tabeli Ran Krytycznych (patrz str. 187), dopóki nie wylosuje rany innej niż Ciało obce. Następnie cel otrzymuje także tę  wylosowaną Ranę Krytyczną. Nie zadaje ona kolejnych obrażeń dodatkowych.</p>"
    },
    "Arrow (Incendiary)": {
      "name": "Strzała (Zapalająca)",
      "description": "<p>Gdy ten typ amunicji po przejściu przez zbroję celu zadaje mu obrażenia, cel zostaje także podpalony. Na koniec każdej swojej Tury otrzymuje 2 punkty obrażeń bezpośrednich (ignorujących pancerz), chyba że wykona Akcję, by ugasić ogień. Efekty tego ataku z kilku źródeł nie kumulują się. </p>"
    },
    "Arrow (Poison)": {
      "name": "Strzała (Zatruta)",
      "description": "<p>Ten rodzaj amunicji nie zadaje obrażeń. Zamiast tego cele biologiczne trafione tym atakiem muszą wykonać udany Test Odporności na tortury/narkotyki o PT 13 albo otrzymają 2k6 obrażeń bezpośrednich (bez pancerza). Pancerz nie ulega uszkodzeniu, ponieważ do niczego się nie przydał. </p>"
    },
    "Arrow (Rubber)": {
      "name": "Strzała (Gumowa)",
      "description": "<p>Ta amunicja nie powoduje Ran Krytycznych. Ponadto, pancerz trafionego celu nie ulega uszkodzeniu. Jeśli obrażenia zadane tą amunicją sprawią, że PW celu, który ma więcej niż 1 PW, spadną poniżej 0, zamiast tego cel zostaje na 1 PW. Amunicja Gumowa liczy sie jako standardowa amunicja w przypadku broni egzotycznych.</p>"
    },
    "Arrow (Sleep)": {
      "name": "Strzała (Usypiająca)",
      "description": "<p>Deals no damage. If meat target hit DV13 Resist Torture/Drugs. On fail falls Prone (see pg. 169) and unconscious for 1 minute. Can be woken by damage or another person using an action to touch/shake them.</p>"
    },
    "Arrow (Smart)": {
      "name": "Strzała (Inteligentna)",
      "description": "<p>Req Targeting Scope Cyberware, otherwise won't fire. If miss single attack by 4 or less, roll second attack at same DV 1d10+10 (not normal stat). Can add luck. Target can dodge the second roll as normal if able to do so. </p>"
    },
    "Battery Pack": {
      "name": "Pakiet Baterii",
      "description": "<p>A rechargeable (1 hour) battery pack, commonly used with Exotic weapons. Contains 8 shots and can be recharged.&nbsp;</p>"
    },
    "Grenade (Armor-Piercing)": {
      "name": "Granat (Przeciwpancerny)",
      "description": "<p>Double ablation to armor. </p>"
    },
    "Grenade (Biotoxin)": {
      "name": "Granat (Biotoksyna)",
      "description": "<p>No immediate damage. If hit DV15 Resist Torture/Drugs Check. On a fail 3d6 damage to HP. No Ablation. </p>"
    },
    "Grenade (EMP)": {
      "name": "Granat (EMP)",
      "description": "<p>If hit DV15 Cybertech Check. On Fail 2 pieces of Cyberware or carried electronics (GM's choice) stop working for 1 minute. Cyberlimbs hang loosely like a dismembered meat arm see pg. 187.</p>"
    },
    "Grenade (Flashbang)": {
      "name": "Granat (Hukbłyskowa)",
      "description": "<p>Deals no damage. If hit roll DV15 Resist Torture/Drugs. On a fail take the Damaged Eye and Damaged Ear Critical injuries (see pg. 188) for 1 minute. No Crit damage dealt. </p>"
    },
    "Grenade (Incendiary)": {
      "name": "Granat (Zapalająca)",
      "description": "<p>If damage dealt to target they are set alight. Target takes 2 damage to HP at end of their turn unless they use action to extinguish flames. Does not stack. </p>"
    },
    "Grenade (Poison)": {
      "name": "Granat (Zatruta)",
      "description": "<p>No immediate damage. If meat target hit, DV13 Resist Torture/Drugs Check. On a fail 2d6 damage to HP. No Ablation. </p>"
    },
    "Grenade (Sleep)": {
      "name": "Granat (Usypiająca)",
      "description": "<p>Deals no damage. If meat target hit DV13 Resist Torture/Drugs. On fail falls Prone (see pg. 169) and unconscious for 1 minute. Can be woken by damage or another person using an action to touch/shake them.</p>"
    },
    "Grenade (Smoke)": {
      "name": "Granat (Dymna)",
      "description": "<p>Deals no Damage. Fills a 10m/yd x 10m/yd with smoke for 1 minute. Tasks obscured by smoke have a -4 penalty.</p>"
    },
    "Grenade (Teargas)": {
      "name": "Granat (Gaz łzawiący)",
      "description": "<p>Deals no Damage. Hit targets with Meat eyes roll DV13 Resist Torture/Drugs Check. On fail suffer Damaged Eye Critical Injury (See pg. 188) for 1 minute. Does not deal critical bonus damage.</p>"
    },
    "Heavy Pistol (Armor-Piercing)": {
      "name": "Ciężki pistolet (Przeciwpancerny)",
      "description": "<p>Double ablation to armor. </p>"
    },
    "Heavy Pistol (Basic)": {
      "name": "Ciężki pistolet (Zwykła)",
      "description": "<p>Basic ammo, nothing special.</p>"
    },
    "Heavy Pistol (Expansive)": {
      "name": "Ciężki pistolet (Dum-dum)",
      "description": "<p>If you roll Foreign object Critical (see pg. 187), victim rolls for a second (different) Critical Injury. Second injury does not deal bonus damage.</p>"
    },
    "Heavy Pistol (Incendiary)": {
      "name": "Ciężki pistolet (Podpalająca)",
      "description": "<p>If damage dealt to target they are set alight. Target takes 2 damage to HP at end of their turn unless they use action to extinguish flames. Does not stack. </p>"
    },
    "Heavy Pistol (Rubber)": {
      "name": "Ciężki pistolet (Gumowa)",
      "description": "<p>Does not cause Critical Injury. Does not ablate armor. Leaves target at minimum 1hp. Counts as Basic ammo for exotic weapons</p>"
    },
    "Heavy Pistol (Smart)": {
      "name": "Ciężki pistolet (Inteligentna)",
      "description": "<p>Req Targeting Scope Cyberware, otherwise won't fire. If miss single attack by 4 or less, roll second attack at same DV 1d10+10 (not normal stat). Can add luck. Target can dodge the second roll as normal if able to do so. </p>"
    },
    "Medium Pistol (Armor-Piercing)": {
      "name": "Średni pistolet (Przeciwpancerna)",
      "description": "<p>Double ablation to armor. </p>"
    },
    "Medium Pistol (Basic)": {
      "name": "Średni pistolet (Zwykła)",
      "description": "<p>Basic ammo, nothing special.</p>"
    },
    "Medium Pistol (Expansive)": {
      "name": "Średni pistolet (Dum-dum)",
      "description": "<p>If you roll Foreign object Critical (see pg. 187), victim rolls for a second (different) Critical Injury. Second injury does not deal bonus damage.</p>"
    },
    "Medium Pistol (Incendiary)": {
      "name": "Średni pistolet (Podpalająca)",
      "description": "<p>If damage dealt to target they are set alight. Target takes 2 damage to HP at end of their turn unless they use action to extinguish flames. Does not stack. </p>"
    },
    "Medium Pistol (Rubber)": {
      "name": "Średni pistolet (Gumowa)",
      "description": "<p>Does not cause Critical Injury. Does not ablate armor. Leaves target at minimum 1hp. Counts as Basic ammo for exotic weapons</p>"
    },
    "Medium Pistol (Smart)": {
      "name": "Średni pistolet (Inteligentna)",
      "description": "<p>Req Targeting Scope Cyberware, otherwise won't fire. If miss single attack by 4 or less, roll second attack at same DV 1d10+10 (not normal stat). Can add luck. Target can dodge the second roll as normal if able to do so. </p>"
    },
    "Paintball (Acid)": {
      "name": "Kulka (Kwas)",
      "description": "<p>Paintballs filled with acid. Deals no damage but ablates armour by 1 SP on hit*.</p>\n<p><em>*Not currently supported so will need to manually reduce armour on hit</em></p>"
    },
    "Paintball (Basic)": {
      "name": "Kulka (Zwykła)",
      "description": "<p>Regular paintballs that don't do any damage. Annoying though.</p>"
    },
    "Rifle (Armor-Piercing)": {
      "name": "Karabin (Przeciwpancerna)",
      "description": "<p>Double ablation to armor. </p>"
    },
    "Rifle (Basic)": {
      "name": "Karabin (Zwykła)",
      "description": "<p>Basic ammo, nothing special.</p>"
    },
    "Rifle (Expansive)": {
      "name": "Karabin (Dum-dum)",
      "description": "<p>If you roll Foreign object Critical (see pg. 187), victim rolls for a second (different) Critical Injury. Second injury does not deal bonus damage.</p>"
    },
    "Rifle (Incendiary)": {
      "name": "Karabin (Podpalająca)",
      "description": "<p>If damage dealt to target they are set alight. Target takes 2 damage to HP at end of their turn unless they use action to extinguish flames. Does not stack. </p>"
    },
    "Rifle (Rubber)": {
      "name": "Karabin (Gumowa)",
      "description": "<p>Does not cause Critical Injury. Does not ablate armor. Leaves target at minimum 1hp. Counts as Basic ammo for exotic weapons</p>"
    },
    "Rifle (Smart)": {
      "name": "Karabin (Inteligentna)",
      "description": "<p>Req Targeting Scope Cyberware, otherwise won't fire. If miss single attack by 4 or less, roll second attack at same DV 1d10+10 (not normal stat). Can add luck. Target can dodge the second roll as normal if able to do so. </p>"
    },
    "Rocket (Armor-Piercing)": {
      "name": "Rakieta (Przeciwpancerna)",
      "description": "<p>Double ablation to armor. </p>"
    },
    "Rocket (Smart)": {
      "name": "Rakieta (Inteligentna)",
      "description": "<p>Req Targeting Scope Cyberware, otherwise won't fire. If miss single attack by 4 or less, roll second attack at same DV 1d10+10 (not normal stat). Can add luck. Target can dodge the second roll as normal if able to do so. </p>"
    },
    "Shotgun Shell (Basic)": {
      "name": "Amunicja śrutowa (Zwykła)",
      "description": "<p>Basic ammo, nothing special.</p>"
    },
    "Shotgun Shell (Incendiary)": {
      "name": "Amunicja śrutowa (Podpalająca)",
      "description": "<p>If damage dealt to target they are set alight. Target takes 2 damage to HP at end of their turn unless they use action to extinguish flames. Does not stack. </p>"
    },
    "Shotgun Slug (Armor-Piercing)": {
      "name": "Breneka (Przeciwpancerna)",
      "description": "<p>Double ablation to armor. </p>"
    },
    "Shotgun Slug (Basic)": {
      "name": "Breneka (Zwykła)",
      "description": "<p>Basic ammo, nothing special.</p>"
    },
    "Shotgun Slug (Expansive)": {
      "name": "Breneka (Dum-dum)",
      "description": "<p>If you roll Foreign object Critical (see pg. 187), victim rolls for a second (different) Critical Injury. Second injury does not deal bonus damage.</p>"
    },
    "Shotgun Slug (Incendiary)": {
      "name": "Breneka (Podpalająca)",
      "description": "<p>If damage dealt to target they are set alight. Target takes 2 damage to HP at end of their turn unless they use action to extinguish flames. Does not stack. </p>"
    },
    "Shotgun Slug (Rubber)": {
      "name": "Breneka (Gumowa)",
      "description": "<p>Does not cause Critical Injury. Does not ablate armor. Leaves target at minimum 1hp. Counts as Basic ammo for exotic weapons</p>"
    },
    "Shotgun Slug (Smart)": {
      "name": "Breneka (Inteligentna)",
      "description": "<p>Req Targeting Scope Cyberware, otherwise won't fire. If miss single attack by 4 or less, roll second attack at same DV 1d10+10 (not normal stat). Can add luck. Target can dodge the second roll as normal if able to do so. </p>"
    },
    "Very Heavy Pistol (Armor-Piercing)": {
      "name": "B. Ciężki pistolet (Przeciwpancerna)",
      "description": "<p>Double ablation to armor. </p>"
    },
    "Very Heavy Pistol (Basic)": {
      "name": "B. Ciężki pistolet (Zwykła)",
      "description": "<p>Basic ammo, nothing special.</p>"
    },
    "Very Heavy Pistol (Expansive)": {
      "name": "B. Ciężki pistolet (Dum-dum)",
      "description": "<p>If you roll Foreign object Critical (see pg. 187), victim rolls for a second (different) Critical Injury. Second injury does not deal bonus damage.</p>"
    },
    "Very Heavy Pistol (Incendiary)": {
      "name": "B. Ciężki pistolet (Podpalająca)",
      "description": "<p>If damage dealt to target they are set alight. Target takes 2 damage to HP at end of their turn unless they use action to extinguish flames. Does not stack. </p>"
    },
    "Very Heavy Pistol (Rubber)": {
      "name": "B. Ciężki pistolet (Gumowa)",
      "description": "<p>Does not cause Critical Injury. Does not ablate armor. Leaves target at minimum 1hp. Counts as Basic ammo for exotic weapons</p>"
    },
    "Very Heavy Pistol (Smart)": {
      "name": "B. Ciężki pistolet (Inteligentna)",
      "description": "<p>Req Targeting Scope Cyberware, otherwise won't fire. If miss single attack by 4 or less, roll second attack at same DV 1d10+10 (not normal stat). Can add luck. Target can dodge the second roll as normal if able to do so. </p>"
    }
  }
}