{
  "label": "Программы",
  "mapping": {},
  "entries": {
    "Armor": {
      "name": "Доспехи",
      "description": "<p>Снижает входящий урон по мозгу на 4, пока реснута. Только одна копия может быть реснута за раз. Каждая копия может быть использована лишь раз за подключение к сети.</p>"
    },
    "Banhammer": {
      "name": "Банхаммер",
      "description": "<p>Наносит 2d6 урона по РЕС чёрного льда или 3d6 урона по РЕС прочих программ.</p>"
    },
    "DeckKRASH": {
      "name": "ДекаЛОМ",
      "description": "<p>Вынуждает нетраннера отключиться небезопасно.</p>"
    },
    "Eraser": {
      "name": "Стиратель",
      "description": "<p>+2 к проверкам маскировки пока реснута.</p>"
    },
    "Flak": {
      "name": "Фейерверк",
      "description": "<p>Атаки программ, не являющихся чёрным льдом, снижены до 0 пока реснута. Только одна копия может быть реснута за раз. Каждая копия может быть использована лишь раз за подключение к сети.</p>"
    },
    "Hellbolt": {
      "name": "Адский снаряд",
      "description": "<p>Наносит 2d6 урона по мозгу нетраннера. Снаряжение цели загорается, если оно не изолировано.</p>"
    },
    "Nervescrub": {
      "name": "Нервотрёп",
      "description": "<p>Снижает ИНТ, РЕА и ЛВК нетраннера на 1d6 (до 1) на час.</p>"
    },
    "Poison Flatline": {
      "name": "Ядовитое обнуление",
      "description": "<p>Уничтожает случайную программу, не являющуюся чёрным льдом, на кибердеке цели.</p>"
    },
    "See Ya": {
      "name": "Я тебя вижу",
      "description": "<p>+2 к проверкам следопыта пока реснута.</p>"
    },
    "Shield": {
      "name": "Щит",
      "description": "<p>Первый урон по мозгу от программы, не являющейся чёрным льдом, не проходит. Только одна копия может быть реснута за раз. Каждая копия может быть использована лишь раз за подключение к сети.</p>"
    },
    "Speedy Gonzalvez": {
      "name": "Быстрый Гонзалвес",
      "description": "<p>+2 к СКО пока реснута.</p>"
    },
    "Superglue": {
      "name": "Суперклей",
      "description": "<p>Нетраннер не может спуститься глубже по локальной сети или безопасно выходить в течении 1d6 ходов. Может быть использована лишь раз за подключение к сети.</p>"
    },
    "Sword": {
      "name": "Меч",
      "description": "<p>Наносит 3d6 урона по РЕС чёрного льда или 2d6 урона по РЕС прочих программ.</p>"
    },
    "Vrizzbolt": {
      "name": "Разряд",
      "description": "<p>Наносит 1d6 урона по мозгу нетраннера. Снижает количество сетевых действий цели на 1 (до 2) в следующий ход.</p>"
    },
    "Worm": {
      "name": "Червь",
      "description": "<p>+2 к проверкам «Лазейка» пока реснута.</p>"
    }
  }
}