{
  "label": "DV Rolltables",
  "mapping": {},
  "entries": {
    "DV Assault Rifle (Autofire)": {
      "name": "СЛ Штурмовая винтовка (Автоогонь)",
      "results": [
        {
          "0-6": "22",
          "7-12": "20",
          "13-25": "17",
          "26-50": "20",
          "51-100": "25",
          "101-200": "Н/Д",
          "201-400": "Н/Д",
          "401-800": "Н/Д"
        }
      ]
    },
    "DV Assault Rifle": {
      "name": "СЛ Штурмовая винтовка",
      "results": [
        {
          "0-6": "17",
          "7-12": "16",
          "13-25": "15",
          "26-50": "13",
          "51-100": "15",
          "101-200": "20",
          "201-400": "25",
          "401-800": "30"
        }
      ]
    },
    "DV Bows & Crossbows": {
      "name": "СЛ Луки и арбалеты",
      "results": [
        {
          "0-6": "15",
          "7-12": "13",
          "13-25": "15",
          "26-50": "17",
          "51-100": "20",
          "101-200": "22",
          "201-400": "Н/Д",
          "401-800": "Н/Д"
        }
      ]
    },
    "DV Generic": {
      "name": "DV Generic",
      "results": [
        {
          "0-6": "",
          "7-12": "",
          "13-25": "",
          "26-50": "",
          "51-100": "",
          "101-200": "",
          "201-400": "",
          "401-800": ""
        }
      ]
    },
    "DV Grenade Launcher": {
      "name": "СЛ Гранатомёт",
      "results": [
        {
          "0-6": "16",
          "7-12": "15",
          "13-25": "15",
          "26-50": "17",
          "51-100": "20",
          "101-200": "22",
          "201-400": "25",
          "401-800": "Н/Д"
        }
      ]
    },
    "DV Long-Barrel Pistol": {
      "name": "СЛ Длинноствольный пистолет",
      "results": [
        {
          "0-6": "14",
          "7-12": "13",
          "13-25": "14",
          "26-50": "20",
          "51-100": "25",
          "101-200": "28",
          "201-400": "30",
          "401-800": "Н/Д"
        }
      ]
    },
    "DV Pistol": {
      "name": "СЛ Пистолет",
      "results": [
        {
          "0-6": "13",
          "7-12": "15",
          "13-25": "20",
          "26-50": "25",
          "51-100": "30",
          "101-200": "30",
          "201-400": "Н/Д",
          "401-800": "Н/Д"
        }
      ]
    },
    "DV Rocket Launcher": {
      "name": "СЛ Ракетница",
      "results": [
        {
          "0-6": "17",
          "7-12": "16",
          "13-25": "15",
          "26-50": "15",
          "51-100": "20",
          "101-200": "20",
          "201-400": "25",
          "401-800": "30"
        }
      ]
    },
    "DV Shotgun (Slug)": {
      "name": "СЛ Дробовик (Жакан)",
      "results": [
        {
          "0-6": "13",
          "7-12": "15",
          "13-25": "20",
          "26-50": "25",
          "51-100": "30",
          "101-200": "35",
          "201-400": "Н/Д",
          "401-800": "Н/Д"
        }
      ]
    },
    "DV SMG (Autofire)": {
      "name": "СЛ ПП (Автоогонь)",
      "results": [
        {
          "0-6": "20",
          "7-12": "17",
          "13-25": "20",
          "26-50": "25",
          "51-100": "30",
          "101-200": "Н/Д",
          "201-400": "Н/Д",
          "401-800": "Н/Д"
        }
      ]
    },
    "DV SMG": {
      "name": "СЛ ПП",
      "results": [
        {
          "0-6": "15",
          "7-12": "13",
          "13-25": "15",
          "26-50": "20",
          "51-100": "25",
          "101-200": "25",
          "201-400": "30",
          "401-800": "Н/Д"
        }
      ]
    },
    "DV Sniper Rifle": {
      "name": "СЛ Снайперская винтовка",
      "results": [
        {
          "0-6": "30",
          "7-12": "25",
          "13-25": "25",
          "51-100": "15",
          "101-200": "16",
          "201-400": "17",
          "401-800": "20",
          "26-50": "20"
        }
      ]
    },
    "DV Thrown Weapon": {
      "name": "СЛ Метательное оружие",
      "results": [
        {
          "0-6": "16",
          "7-12": "15",
          "13-25": "15",
          "26-50": "Н/Д",
          "51-100": "Н/Д",
          "101-200": "Н/Д",
          "201-400": "Н/Д",
          "401-800": "Н/Д"
        }
      ]
    }
  }
}