{
  "label": "Оружие",
  "mapping": {
    "dvTable": "system.dvTable"
  },
  "entries": {
    "Air Pistol": {
      "name": "Пневматический пистолет",
      "description": "<p>Экзотический пистолет среднего калибра. Стреляет пейнтбольными шариками. Если зарядить кислотными шариками, можно наносить повреждения броне.</p>",
      "dvTable": "СЛ Пистолет"
    },
    "Assault Rifle (Excellent)": {
      "name": "Штурмовая винтовка (отличное)",
      "description": "<p>Стандартная штурмовая винтовка.</p>\n<p>+1 к атаке.</p>",
      "dvTable": "СЛ Штурмовая винтовка"
    },
    "Assault Rifle (Poor)": {
      "name": "Штурмовая винтовка (плохое)",
      "description": "<p>Стандартная штурмовая винтовка.</p>\n<p>Если выпадает единица на атаку (критический провал), возникает неисправность, для устранения которой потребуется действие.</p>",
      "dvTable": "СЛ Штурмовая винтовка"
    },
    "Assault Rifle": {
      "name": "Штурмовая винтовка",
      "description": "<p>Стандартная штурмовая винтовка.</p>",
      "dvTable": "СЛ Штурмовая винтовка"
    },
    "Baseball Bat (Excellent)": {
      "name": "Бейсбольная бита (отличное)",
      "description": "<p>Увесистая бита. Любимое оружие Бейсбольных фурий.</p>\n<p>+1 к атаке.</p>"
    },
    "Baseball Bat (Poor)": {
      "name": "Бейсбольная бита (плохое)",
      "description": "<p>Увесистая бита. Любимое оружие Бейсбольных фурий.</p>\n<p>Если выпадает единица на атаку (критический провал), возникает неисправность, для устранения которой потребуется действие.</p>"
    },
    "Baseball Bat": {
      "name": "Бейсбольная бита",
      "description": "<p>Увесистая бита. Любимое оружие Бейсбольных фурий.</p>"
    },
    "Bow (Excellent)": {
      "name": "Лук (отличное)",
      "description": "<p>Лук отличного качества. Перезарядка является частью действия атаки.</p>\n<p>+1 к атаке.</p>",
      "dvTable": "СЛ Луки и арбалеты"
    },
    "Bow (Poor)": {
      "name": "Лук (плохое)",
      "description": "<p>Лук плохого качества. Перезарядка является частью действия атаки.</p>\n<p>Если выпадает единица на атаку (критический провал), оружие выходит из строя и требует действие для починки.</p>",
      "dvTable": "СЛ Луки и арбалеты"
    },
    "Bow": {
      "name": "Лук",
      "description": "<p>Снова вошедший в моду лук. Перезарядка является частью действия атаки.</p>",
      "dvTable": "СЛ Луки и арбалеты"
    },
    "Chainsaw (Excellent)": {
      "name": "Бензопила (отличное)",
      "description": "<p>Переносная пила, работающая на CHOOH<sup>2</sup>. Одного полного бака хватит на два-три часа.</p>\n<p>+1 к атаке.</p>"
    },
    "Chainsaw (Poor)": {
      "name": "Бензопила (плохое)",
      "description": "<p>Портативная, заправляемая CHOOH<sup>2</sup> пила.  Одного полного бака хватит на два-три часа.</p>\n<p>Если выпадает единица на атаку (критический провал), оружие выходит из строя и требует действие для починки.</p>"
    },
    "Chainsaw": {
      "name": "Бензопила",
      "description": "<p>Переносная пила, работающая на CHOOH<sup>2</sup>. Одного полного бака хватит на два-три часа.</p>"
    },
    "Combat Knife (Excellent)": {
      "name": "Боевой нож (отличное)",
      "description": "<p>Такому ножу самое место в уличной переделке.</p>\n<p>+1 к атаке.</p>"
    },
    "Combat Knife (Poor)": {
      "name": "Боевой нож (плохое)",
      "description": "<p>Такому ножу самое место в уличной переделке.</p>\n<p>Если выпадает единица на атаку (критический провал), оружие выходит из строя и требует действие для починки.</p>"
    },
    "Combat Knife": {
      "name": "Боевой нож",
      "description": "<p>Нож, подходящий улицам.</p>"
    },
    "Constitutional Arms Hurricane Assault Weapon": {
      "name": "Штурмовое орудие «Ураган» от Конститьюшнал армс",
      "description": "<p>Экзотический дробовик со СКА 2. Нельзя вести прицельный огонь и требуется ТЕЛ 11 или выше (если не стационарный).</p>",
      "dvTable": "СЛ Дробовик (Жакан)"
    },
    "Crossbow (Excellent)": {
      "name": "Арбалет (отличное)",
      "description": "<p>Арбалет отличного качества. Перезарядка является частью действия атаки.</p>\n<p>+1 к атаке.</p>",
      "dvTable": "СЛ Луки и арбалеты"
    },
    "Crossbow (Poor)": {
      "name": "Арбалет (плохое)",
      "description": "<p>Арбалет плохого качества. Перезарядка является частью действия атаки.</p>\n<p>Если выпадает единица на атаку (критический провал), оружие выходит из строя и требует действие для починки.</p>",
      "dvTable": "СЛ Луки и арбалеты"
    },
    "Crossbow": {
      "name": "Арбалет",
      "description": "<p>Стандартный арбалет. Перезарядка является частью действия атаки.</p>",
      "dvTable": "СЛ Луки и арбалеты"
    },
    "Crowbar (Excellent)": {
      "name": "Монтировка (отличное)",
      "description": "<p>Полезна как инструмент и как оружие. Железный стержень с раздвоенными изогнутыми клинами на концах.</p>\n<p>+1 к атаке.</p>"
    },
    "Crowbar (Poor)": {
      "name": "Монтировка (плохое)",
      "description": "<p>Полезна как инструмент и как оружие. Железный стержень с раздвоенными изогнутыми клинами на концах.</p>\n<p>Если выпадает единица на атаку (критический провал), оружие выходит из строя и требует действие для починки.</p>"
    },
    "Crowbar": {
      "name": "Монтировка",
      "description": "<p>Полезна как инструмент и как оружие. Железный стержень с раздвоенными изогнутыми клинами на концах.</p>"
    },
    "Dartgun": {
      "name": "Дротикомёт",
      "description": "<p>Экзотический пистолет сверхкрупного калибра.</p>",
      "dvTable": "СЛ Пистолет"
    },
    "Flamethrower": {
      "name": "Огнемёт",
      "description": "<p>Экзотический дробовик, для которого нужен навык «Крупнокалиберное оружие».</p>",
      "dvTable": "СЛ Дробовик (Жакан)"
    },
    "Grenade Launcher (Excellent)": {
      "name": "Гранатомёт (отличное)",
      "description": "<p>Мощный гранатомёт, использующий множество типов гранат.</p>\n<p>+1 к атаке.</p>",
      "dvTable": "СЛ Гранатомёт"
    },
    "Grenade Launcher (Poor)": {
      "name": "Гранатомёт (плохое)",
      "description": "<p>Мощный гранатомёт, использующий множество типов гранат.</p>\n<p>Если выпадает единица на атаку (критический провал), возникает неисправность, для устранения которой потребуется действие.</p>",
      "dvTable": "СЛ Гранатомёт"
    },
    "Grenade Launcher": {
      "name": "Гранатомёт",
      "description": "<p>Мощный гранатомёт, использующий множество типов гранат.</p>",
      "dvTable": "СЛ Гранатомёт"
    },
    "Heavy Melee (Excellent)": {
      "name": "Тяжёлое оружие ближнего боя (отличное)",
      "description": "<p>Стандартное тяжёлое оружие ближнего боя отличного качества.</p>\n<p>+1 to Attack.</p>"
    },
    "Heavy Melee (Poor)": {
      "name": "Тяжёлое оружие ближнего боя (плохое)",
      "description": "<p>Стандартное тяжёлое оружие ближнего боя плохого качества.</p>\n<p>Если выпадает единица на атаку (критический провал), возникает неисправность, для устранения которой потребуется действие.</p>"
    },
    "Heavy Melee": {
      "name": "Тяжёлое оружие ближнего боя",
      "description": "<p>Стандартное тяжёлое оружие ближнего боя.</p>"
    },
    "Heavy Pistol (Excellent)": {
      "name": "Пистолет крупного калибра (отличное)",
      "description": "<p>Пистолет крупного калибра, который можно спрятать.</p>\n<p>+1 к атаке.</p>",
      "dvTable": "СЛ Пистолет"
    },
    "Heavy Pistol (Poor)": {
      "name": "Пистолет крупного калибра (плохое)",
      "description": "<p>Пистолет крупного калибра, который можно спрятать.</p>\n<p>Если выпадает единица на атаку (критический провал), возникает неисправность, для устранения которой потребуется действие.</p>",
      "dvTable": "СЛ Пистолет"
    },
    "Heavy Pistol": {
      "name": "Пистолет крупного калибра",
      "description": "<p>Пистолет крупного калибра, который можно спрятать.</p>",
      "dvTable": "СЛ Пистолет"
    },
    "Heavy SMG (Excellent)": {
      "name": "ПП крупного калибра (отличное)",
      "description": "<p>ПП крупного калибра. Из-за габаритов его нельзя спрятать.</p>\n<p>+1 к атаке.</p>",
      "dvTable": "СЛ ПП"
    },
    "Heavy SMG (Poor)": {
      "name": "ПП крупного калибра (плохое)",
      "description": "<p>ПП крупного калибра. Из-за габаритов его нельзя спрятать.</p>\n<p>Если выпадает единица на атаку (критический провал), возникает неисправность, для устранения которой потребуется действие.</p>",
      "dvTable": "СЛ ПП"
    },
    "Heavy SMG": {
      "name": "ПП крупного калибра",
      "description": "<p>ПП крупного калибра. Из-за габаритов его нельзя спрятать.</p>",
      "dvTable": "СЛ ПП"
    },
    "Helicopter Blades (Excellent)": {
      "name": "Лопасти вертолёта (отличное)",
      "description": "<p>Снятые со старого воздушного судна, с лёгкостью разрежут почти что угодно.</p>\n<p>+1 к атаке.</p>"
    },
    "Helicopter Blades (Poor)": {
      "name": "Лопасти вертолёта (плохое)",
      "description": "<p>Снятые со старого воздушного судна, с лёгкостью разрежут почти что угодно.</p>\n<p>Если выпадает единица на атаку (критический провал), возникает неисправность, для устранения которой потребуется действие.</p>"
    },
    "Helicopter Blades": {
      "name": "Лопасти вертолёта",
      "description": "<p>Снятые со старого воздушного судна, с лёгкостью разрежут почти что угодно.</p>"
    },
    "Kendachi Mono-Three": {
      "name": "«Моно-три» от Кэндати",
      "description": "<p>Экзотическое двуручное очень тяжелое оружие отличного качества. Выглядит как хайтек-катана, игнорирует броню меньше ОС11*.</p>"
    },
    "Lead Pipe (Excellent)": {
      "name": "Свинцовая труба (отличное)",
      "description": "<p>Полый цилиндр из металла или стекловолокна. Когда-то по нему качали жидкости.</p>\n<p>+1 к атаке.</p>"
    },
    "Lead Pipe (Poor)": {
      "name": "Свинцовая труба (плохое)",
      "description": "<p>Полый цилиндр из металла или стекловолокна. Когда-то по нему качали жидкости.</p>\n<p>Если выпадает единица на атаку (критический провал), возникает неисправность, для устранения которой потребуется действие.</p>"
    },
    "Lead Pipe": {
      "name": "Свинцовая труба",
      "description": "<p>Полый цилиндр из металла или стекловолокна. Когда-то по нему качали жидкости.</p>"
    },
    "Light Melee (Excellent)": {
      "name": "Лёгкое оружие ближнего боя (отличное)",
      "description": "<p>Стандартное лёгкое оружие ближнего боя отличного качества.</p>\n<p>+1 к атаке.</p>"
    },
    "Light Melee (Poor)": {
      "name": "Лёгкое оружие ближнего боя (плохое)",
      "description": "<p>Стандартное лёгкое оружие ближнего боя плохого качества.</p>\n<p>Если выпадает единица на атаку (критический провал), возникает неисправность, для устранения которой потребуется действие.</p>"
    },
    "Light Melee": {
      "name": "Лёгкое оружие ближнего боя",
      "description": "<p>Стандартное лёгкое оружие ближнего боя.</p>"
    },
    "Machete (Excellent)": {
      "name": "Мачете (отличное)",
      "description": "<p>Длинный нож с широким спектром использования. Пользуется популярностью у банд Найт Сити.</p>\n<p>+1 к атаке.</p>"
    },
    "Machete (Poor)": {
      "name": "Мачете (плохое)",
      "description": "<p>Длинный нож с широким спектром использования. Пользуется популярностью у банд Найт Сити.</p>\n<p>Если выпадает единица на атаку (критический провал), возникает неисправность, для устранения которой потребуется действие.</p>"
    },
    "Machete": {
      "name": "Мачете",
      "description": "<p>Длинный нож с широким спектром использования. Пользуется популярностью у банд Найт Сити.</p>"
    },
    "Malorian Arms 3516": {
      "name": "Малориан армс 3516",
      "description": "<p>Экзотически пистолет крупного калибра отличного качества. Идёт в комплекте со Смартлинком*.</p>\n<p><em>*Необходимо добавить вручную после получения оружия.</em></p>",
      "dvTable": "СЛ Пистолет"
    },
    "Martial Arts": {
      "name": "Боевые искусства",
      "description": "<p>Град ударов, игнорирует половину брони.</p>"
    },
    "Medium Melee (Excellent)": {
      "name": "Среднее оружие ближнего боя (отличное)",
      "description": "<p>Стандартное среднее оружие ближнего боя отличного качества.</p>\n<p>+1 к атаке.</p>"
    },
    "Medium Melee (Poor)": {
      "name": "Среднее оружие ближнего боя (плохое)",
      "description": "<p>Стандартное среднее оружие ближнего боя плохого качества.</p>\n<p>Если выпадает единица на атаку (критический провал), возникает неисправность, для устранения которой потребуется действие.</p>"
    },
    "Medium Melee": {
      "name": "Среднее оружие ближнего боя",
      "description": "<p>Стандартное среднее оружие ближнего боя.</p>"
    },
    "Medium Pistol (Excellent)": {
      "name": "Пистолет среднего калибра (отличное)",
      "description": "<p>Пистолет среднего калибра, который можно спрятать.</p>\n<p>+1 к атаке.</p>",
      "dvTable": "СЛ Пистолет"
    },
    "Medium Pistol (Poor)": {
      "name": "Пистолет среднего калибра (плохое)",
      "description": "<p>Пистолет среднего калибра, который можно спрятать.</p>\n<p>Если выпадает единица на атаку (критический провал), возникает неисправность, для устранения которой потребуется действие.</p>",
      "dvTable": "СЛ Пистолет"
    },
    "Medium Pistol": {
      "name": "Пистолет среднего калибра",
      "description": "<p>Пистолет среднего калибра, который можно спрятать.</p>",
      "dvTable": "СЛ Пистолет"
    },
    "Microwaver": {
      "name": "Микроволновка",
      "description": "<p>Экзотический пистолет сверхкрупного калибра. Выводит из строя киберимпланты и электронику на одну минуту если цель не проходит <strong>проверку Кибертехники СЛ15</strong>.</p>",
      "dvTable": "СЛ Пистолет"
    },
    "Militech \"Cowboy\" U-56 Grenade Launcher": {
      "name": "Гранатомёт U-56 «Ковбой» от Милитех",
      "description": "<p>Экзотический гранатомёт со СКА 2. Вмещает четыре гранаты. Требуется ТЕЛ 11 или выше (если не стационарный).</p>",
      "dvTable": "СЛ Гранатомёт"
    },
    "Naginata (Excellent)": {
      "name": "Нагината (отличное)",
      "description": "<p>Японское изогнутое лезвие на длинной деревянной рукояти. Любимое оружие бойцов Арасаки в ближнем бою.</p>\n<p>+1 к атаке.</p>"
    },
    "Naginata (Poor)": {
      "name": "Нагината (плохое)",
      "description": "<p>Японское изогнутое лезвие на длинной деревянной рукояти. Любимое оружие бойцов Арасаки в ближнем бою.</p>\n<p>Если выпадает единица на атаку (критический провал), возникает неисправность, для устранения которой потребуется действие.</p>"
    },
    "Naginata": {
      "name": "Нагината",
      "description": "<p>Японское изогнутое лезвие на длинной деревянной рукояти. Любимое оружие бойцов Арасаки в ближнем бою.</p>"
    },
    "Rhinemetall EMG-86 Railgun": {
      "name": "Рельсотрон ЭМП-86 от Рейнметалл",
      "description": "<p>Экзотическая штурмовая винтовка. С её помощью нельзя вести прицельный или автоогонь. Требуется ТЕЛ 11 или выше (если не стационарная). Игнорирует броню ниже ОС11*.</p>\n<p><em>*На данный момент не поддерживается, повреждения бронированным целям нужно выставлять вручную.</em></p>",
      "dvTable": "СЛ Штурмовая винтовка"
    },
    "Rocket Launcher (Excellent)": {
      "name": "Ракетница (отличное)",
      "description": "<p>Время больших стволов. Эта ракетница жахнет как надо.</p>\n<p>+1 к атаке.</p>",
      "dvTable": "СЛ Ракетница"
    },
    "Rocket Launcher (Poor)": {
      "name": "Ракетница (плохое)",
      "description": "<p>Время больших стволов. Эта ракетница жахнет как надо.</p>\n<p>Если выпадает единица на атаку (критический провал), возникает неисправность, для устранения которой потребуется действие.</p>",
      "dvTable": "СЛ Ракетница"
    },
    "Rocket Launcher": {
      "name": "Ракетница",
      "description": "<p>Время больших стволов. Эта ракетница жахнет как надо.</p>",
      "dvTable": "СЛ Ракетница"
    },
    "Shotgun (Excellent)": {
      "name": "Дробовик (отличное)",
      "description": "<p>Старый добрый универсальный дробовик.</p>\n<p>+1 к атаке.</p>",
      "dvTable": "СЛ Дробовик (Жакан)"
    },
    "Shotgun (Poor)": {
      "name": "Дробовик (плохое)",
      "description": "<p>Старый добрый универсальный дробовик.</p>\n<p>Если выпадает единица на атаку (критический провал), возникает неисправность, для устранения которой потребуется действие.</p>",
      "dvTable": "СЛ Дробовик (Жакан)"
    },
    "Shotgun": {
      "name": "Дробовик",
      "description": "<p>Старый добрый универсальный дробовик.</p>",
      "dvTable": "СЛ Дробовик (Жакан)"
    },
    "Shrieker": {
      "name": "Крикун",
      "description": "<p>Экзотический пистолет сверхкрупного калибра. Требуется защита для ушей, чтобы предотвратить получение критического ранения «Повреждение уха». Цель должна пройти <strong>проверку сопротивления пыткам/препаратам СЛ15</strong> или получить критическое ранение Повреждение уха.</p>",
      "dvTable": "СЛ Пистолет"
    },
    "Sledgehammer (Excellent)": {
      "name": "Кувалда (отличное)",
      "description": "<p>Огромный молот с плоским металлическим бойком, который позволяет распределить силу удара по большой площади.</p>\n<p>+1 к атаке.</p>"
    },
    "Sledgehammer (Poor)": {
      "name": "Кувалда (плохое)",
      "description": "<p>Огромный молот с плоским металлическим бойком, который позволяет распределить силу удара по большой площади.</p>\n<p>Если выпадает единица на атаку (критический провал), оружие выходит из строя и требует действие для починки.</p>"
    },
    "Sledgehammer": {
      "name": "Кувалда",
      "description": "<p>Огромный молот с плоским металлическим бойком, который позволяет распределить силу удара по большой площади.</p>"
    },
    "SMG (Excellent)": {
      "name": "ПП (отличное)",
      "description": "<p>ПП, который можно спрятать.</p>\n<p>+1 к атаке.</p>",
      "dvTable": "СЛ ПП"
    },
    "SMG (Poor)": {
      "name": "ПП (плохое)",
      "description": "<p>ПП, который можно спрятать.</p>\n<p>Если выпадает единица на атаку (критический провал), возникает неисправность, для устранения которой потребуется действие.</p>",
      "dvTable": "СЛ ПП"
    },
    "SMG": {
      "name": "ПП",
      "description": "<p>ПП, который можно спрятать.</p>",
      "dvTable": "СЛ ПП"
    },
    "Sniper Rifle (Excellent)": {
      "name": "Снайперская винтовка (отличное)",
      "description": "<p>Дальнобойная снайперская винтовка. В магазине четыре патрона.</p>\n<p>+1 к атаке.</p>",
      "dvTable": "СЛ Снайперская винтовка"
    },
    "Sniper Rifle (Poor)": {
      "name": "Снайперская винтовка (плохое)",
      "description": "<p>Дальнобойная снайперская винтовка. В магазине четыре патрона.</p>\n<p>Если выпадает единица на атаку (критический провал), возникает неисправность, для устранения которой потребуется действие.</p>",
      "dvTable": "СЛ Снайперская винтовка"
    },
    "Sniper Rifle": {
      "name": "Снайперская винтовка",
      "description": "<p>Дальнобойная снайперская винтовка. В магазине четыре патрона.</p>",
      "dvTable": "СЛ Снайперская винтовка"
    },
    "Spiked Bat (Excellent)": {
      "name": "Бита с гвоздями (отличное)",
      "description": "<p>Улучшенная версия биты. В ударной части вбиты гвозди.</p>\n<p>+1 к атаке.</p>"
    },
    "Spiked Bat (Poor)": {
      "name": "Бита с гвоздями (плохое)",
      "description": "<p>Улучшенная версия биты. В ударной части вбиты гвозди.</p>\n<p>Если выпадает единица на атаку (критический провал), оружие выходит из строя и требует действие для починки.</p>"
    },
    "Spiked Bat": {
      "name": "Бита с гвоздями",
      "description": "<p>Улучшенная версия биты. В ударной части вбиты гвозди.</p>"
    },
    "Stun Baton": {
      "name": "Оглушающая дубинка",
      "description": "<p>Экзотическое одноручное среднее оружие ближнего боя. Цель падает без сознания, если удар снижает ПЗ ниже единицы. Не наносит критических ранений и не повреждает броню.</p>"
    },
    "Stun Gun": {
      "name": "Шокер",
      "description": "<p>Экзотический пистолет крупного калибра. Цель падает без сознания, если удар снижает ПЗ ниже единицы. Не наносит критических ранений и не повреждает броню.</p>",
      "dvTable": "СЛ Пистолет"
    },
    "Sword (Excellent)": {
      "name": "Меч (отличное)",
      "description": "<p>Клинок и рукоять. Создан специально для режущих и колющих ударов.</p>\n<p>+1 к атаке.</p>"
    },
    "Sword (Poor)": {
      "name": "Меч (плохое)",
      "description": "<p>Клинок и рукоять. Создан специально для режущих и колющих ударов.</p>\n<p>Если выпадает единица на атаку (критический провал), оружие выходит из строя и требует действие для починки.</p>"
    },
    "Sword": {
      "name": "Меч",
      "description": "<p>Клинок и рукоять. Создан специально для режущих и колющих ударов.</p>"
    },
    "Thrown Weapon": {
      "name": "Метательное оружие",
      "description": "<p>Небольшой метательный предмет. Действием атаки можно провести атаку в дальнем бою на расстояние до 25 м/ярд. Цель может увернуться от неё, как от пули. Оружие ближнего боя наносит свой обычный урон, но не игнорируют половину ОС.</p>",
      "dvTable": "СЛ Метательное оружие"
    },
    "Tomahawk (Excellent)": {
      "name": "Томагавк (отличное)",
      "description": "<p>Лёгкий метательный топор.</p>\n<p>+1 к атаке.</p>"
    },
    "Tomahawk (Poor)": {
      "name": "Томагавк (плохое)",
      "description": "<p>Лёгкий метательный топор.</p>\n<p>Если выпадает единица на атаку (критический провал), оружие выходит из строя и требует действие для починки.</p>"
    },
    "Tomahawk": {
      "name": "Томагавк",
      "description": "<p>Лёгкий метательный топор.</p>"
    },
    "Tsunami Arms Helix": {
      "name": "«Спираль» от Цунами армс",
      "description": "<p>Экзотическая штурмовая винтовка из которой можно только вести автоогонь. Магазин на 40 патронов, каждая атака потребляет 20 патронов. Использует правила автоогня с умножением до максимума 5. Требуется ТЕЛ 11 или выше (если не стационарная).</p>",
      "dvTable": "СЛ Штурмовая винтовка"
    },
    "Unarmed": {
      "name": "Без оружия",
      "description": "<p>Град ударов, не игнорирует половину брони.</p>"
    },
    "Very Heavy Melee (Excellent)": {
      "name": "Очень тяжёлое оружие ближнего боя (отличное)",
      "description": "<p>Стандартное очень тяжёлое оружие ближнего боя отличного качества.</p>\n<p>+1 к атаке.</p>"
    },
    "Very Heavy Melee (Poor)": {
      "name": "Очень тяжёлое оружие ближнего боя (плохое)",
      "description": "<p>Стандартное очень тяжёлое оружие ближнего боя отличного качества.</p>\n<p>Если выпадает единица на атаку (критический провал), оружие выходит из строя и требует действие для починки.</p>"
    },
    "Very Heavy Melee": {
      "name": "Очень тяжёлое оружие ближнего боя",
      "description": "<p>Стандартное очень тяжёлое оружие ближнего боя.</p>"
    },
    "Very Heavy Pistol (Excellent)": {
      "name": "Пистолет сверхкрупного калибра (отличное)",
      "description": "<p>Пистолет сверхкрупного калибра. Не может быть спрятан.</p>\n<p>+1 к атаке.</p>",
      "dvTable": "СЛ Пистолет"
    },
    "Very Heavy Pistol (Poor)": {
      "name": "Пистолет сверхкрупного калибра (плохое)",
      "description": "<p>Пистолет сверхкрупного калибра. Не может быть спрятан.</p>\n<p>Если выпадает единица на атаку (критический провал), возникает неисправность, для устранения которой потребуется действие.</p>",
      "dvTable": "СЛ Пистолет"
    },
    "Very Heavy Pistol": {
      "name": "Пистолет сверхкрупного калибра",
      "description": "<p>Пистолет сверхкрупного калибра. Не может быть спрятан.</p>",
      "dvTable": "СЛ Пистолет"
    }
  }
}