{
  "label": "Таблицы критических ранений",
  "mapping": {},
  "entries": {
    "Critical Injuries (Body)": {
      "name": "Критические ранения тела",
      "results": [
        {
          "2-2": "Оторванная рука",
          "3-3": "Оторванная кисть",
          "4-4": "Разрыв лёгкого",
          "5-5": "Перелом рёбер",
          "6-6": "Перелом руки",
          "7-7": "Инородное тело",
          "8-8": "Перелом ноги",
          "9-9": "Разрыв мышцы",
          "10-10": "Повреждение позвоночника",
          "11-11": "Перелом пальцев",
          "12-12": "Оторванная нога"
        }
      ]
    },
    "Critical Injuries (Head)": {
      "name": "Критические ранение головы",
      "results": [
        {
          "2-2": "Потеря глаза",
          "3-3": "Повреждение мозга",
          "4-4": "Повреждение глаза",
          "5-5": "Контузия",
          "6-6": "Перелом челюсти",
          "7-7": "Инородное тело (голова)",
          "8-8": "Травма шеи",
          "9-9": "Перелом черепа",
          "10-10": "Повреждение уха",
          "11-11": "Травма трахеи",
          "12-12": "Потеря уха"
        }
      ]
    }
  }
}