{
  "label": "Оружие известных марок",
  "mapping": {
    "dvTable": "system.dvTable"
  },
  "entries": {
    "Arasaka Minami 10": {
      "name": "«Минами 10» от Арасака",
      "description": "<p>ПП, который можно спрятать.</p>\n<p>+1 к атаке.</p>",
      "dvTable": "СЛ ПП"
    },
    "Arasaka Rapid Assault": {
      "name": "«Стремительный штурм» от Арасака",
      "description": "<p>Старый добрый универсальный дробовик.</p>",
      "dvTable": "СЛ Дробовик (Жакан)"
    },
    "Arasaka WSSA Sniper System": {
      "name": "Снайперская система WSSA от Арасака",
      "description": "<p>Дальнобойная снайперская винтовка. В магазине четыре патрона.</p>\n<p>+1 к атаке.</p>",
      "dvTable": "СЛ Снайперская винтовка"
    },
    "Chadran Arms City Reaper": {
      "name": "«Городской жнец» от Чадран армс",
      "description": "<p>ПП крупного калибра. Из-за габаритов его нельзя спрятать.</p>\n<p>Если выпадает единица на атаку (критический провал), возникает неисправность, для устранения которой потребуется действие.</p>",
      "dvTable": "СЛ ПП"
    },
    "Chadran Arms Jungle Reaper": {
      "name": "«Жнец джунглей» от Чадран армс",
      "description": "<p>Стандартная штурмовая винтовка.</p>\n<p>Если выпадает единица на атаку (критический провал), возникает неисправность, для устранения которой потребуется действие.</p>",
      "dvTable": "СЛ Штурмовая винтовка"
    },
    "Dai Lung Magnum": {
      "name": "«Магнум» от Дай Лун",
      "description": "<p>Пистолет крупного калибра, который можно спрятать.</p>\n<p>Если выпадает единица на атаку (критический провал), возникает неисправность, для устранения которой потребуется действие.</p>",
      "dvTable": "СЛ Пистолет"
    },
    "Dai Lung Streetmaster": {
      "name": "«Властелин улиц» от Дай Лун",
      "description": "<p>Пистолет среднего калибра, который можно спрятать.</p>\n<p>Если выпадает единица на атаку (критический провал), возникает неисправность, для устранения которой потребуется действие.</p>",
      "dvTable": "СЛ Пистолет"
    },
    "Eagletech Bearcat": {
      "name": "«Бинтуронг» от Иглтех",
      "description": "<p>Складной лук с логотипом Иглтех. Перезарядка является частью действия атаки.</p>\n<p>+1 к атаке.</p>",
      "dvTable": "СЛ Луки и арбалеты"
    },
    "Eagletech Scorpion": {
      "name": "«Скорпион» от Иглтех",
      "description": "<p>Изящный арбалет с логотипом Иглтех. Перезарядка является частью действия атаки.</p>\n<p>+1 к атаке.</p>",
      "dvTable": "СЛ Луки и арбалеты"
    },
    "Eagletech Striker": {
      "name": "«Страйкер» от Иглтех",
      "description": "<p>Арбалет с логотипом Иглтех. Перезарядка является частью действия атаки.</p>",
      "dvTable": "СЛ Луки и арбалеты"
    },
    "Eagletech Tomcat": {
      "name": "«Мартовский кот» от Иглтех",
      "description": "<p>Снова вошедший в моду лук с логотипом Иглтеха. Перезарядка является частью действия атаки.</p>",
      "dvTable": "СЛ Луки и арбалеты"
    },
    "Federated Arms Super Chief": {
      "name": "«Супер чиф» от Федерейтед армс",
      "description": "<p>Пистолет сверхкрупного калибра. Не может быть спрятан.</p>\n<p>Если выпадает единица на атаку (критический провал), возникает неисправность, для устранения которой потребуется действие.</p>",
      "dvTable": "СЛ Пистолет"
    },
    "Federated Arms Tech-Assault III": {
      "name": "«Техноштурм III» от Федерейтед армс",
      "description": "<p>ПП, который можно спрятать.</p>\n<p>Если выпадает единица на атаку (критический провал), возникает неисправность, для устранения которой потребуется действие.</p>",
      "dvTable": "СЛ ПП"
    },
    "Federated Arms X-9mm": {
      "name": "«X-9мм» от Федерейтед армс",
      "description": "<p>Пистолет среднего калибра, который можно спрятать.</p>",
      "dvTable": "СЛ Пистолет"
    },
    "GunMart Home Defender": {
      "name": "«Хоум дефендер» от Ганмарт",
      "description": "<p>Старый добрый универсальный дробовик.</p>\n<p>Если выпадает единица на атаку (критический провал), возникает неисправность, для устранения которой потребуется действие.</p>",
      "dvTable": "СЛ Дробовик (Жакан)"
    },
    "GunMart Hunter": {
      "name": "«Охотник» от Ганмарт",
      "description": "<p>Арбалет плохого качества с логотипом ГанМарта. Перезарядка является частью действия атаки.</p>\n<p>Если выпадает единица на атаку (критический провал), возникает неисправность, для устранения которой потребуется действие.</p>",
      "dvTable": "СЛ Луки и арбалеты"
    },
    "GunMart Sherwood": {
      "name": "«Шервуд» от Ганмарт",
      "description": "<p>Лук плохого качества с логотипом ГанМарта. Перезарядка является частью действия атаки.</p>\n<p>Если выпадает единица на атаку (критический провал), возникает неисправность, для устранения которой потребуется действие.</p>",
      "dvTable": "СЛ Луки и арбалеты"
    },
    "GunMart Snipe-Star": {
      "name": "«Снайп-стар» от Ганмарт",
      "description": "<p>Дальнобойная снайперская винтовка. В магазине четыре патрона.</p>\n<p>Если выпадает единица на атаку (критический провал), возникает неисправность, для устранения которой потребуется действие.</p>",
      "dvTable": "СЛ Снайперская винтовка"
    },
    "Militech Avenger": {
      "name": "«Мститель» от Милитех",
      "description": "<p>Пистолет среднего калибра, который можно спрятать.</p>\n<p>+1 к атаке.</p>",
      "dvTable": "СЛ Пистолет"
    },
    "Militech Boomer Buster": {
      "name": "«Бумер бастер» от Милитех",
      "description": "<p>Пистолет сверхкрупного калибра. Не может быть спрятан.</p>\n<p>+1 к атаке.</p>",
      "dvTable": "СЛ Пистолет"
    },
    "Militech Bulldog": {
      "name": "«Бульдог» от Милитех",
      "description": "<p>Старый добрый универсальный дробовик.</p>\n<p>+1 к атаке.</p>",
      "dvTable": "СЛ Дробовик (Жакан)"
    },
    "Militech Dragon": {
      "name": "«Дракон» от Милитех",
      "description": "<p>Стандартная штурмовая винтовка.</p>\n<p>+1 к атаке.</p>",
      "dvTable": "СЛ Штурмовая винтовка"
    },
    "Militech Hotshot": {
      "name": "«Пижон» от Милитех",
      "description": "<p>Время больших стволов. Эта ракетница жахнет как надо.</p>\n<p>+1 к атаке.</p>",
      "dvTable": "СЛ Ракетница"
    },
    "Militech Mini-Gat": {
      "name": "«Мини-гэт» от Милитех",
      "description": "<p>ПП, который можно спрятать.</p>",
      "dvTable": "СЛ ПП"
    },
    "Militech Mini-Grenade": {
      "name": "«Мини-гренейд» от Милитех",
      "description": "<p>Мощный гранатомёт, использующий множество типов гранат.</p>",
      "dvTable": "СЛ Гранатомёт"
    },
    "Militech Ronin": {
      "name": "«Ронин» от Милитех",
      "description": "<p>Стандартная штурмовая винтовка.</p>",
      "dvTable": "СЛ Штурмовая винтовка"
    },
    "Militech Urban": {
      "name": "«Урбан» от Милитех",
      "description": "<p>Время больших стволов. Эта ракетница жахнет как надо.</p>",
      "dvTable": "СЛ Ракетница"
    },
    "Militech Viper": {
      "name": "«Гадюка» от Милитех",
      "description": "<p>ПП крупного калибра. Из-за габаритов его нельзя спрятать.</p>\n<p>+1 к атаке.</p>",
      "dvTable": "СЛ ПП"
    },
    "Mustang Arms Mark III": {
      "name": "«Марк ІІІ» от Мустанг армс",
      "description": "<p>Пистолет крупного калибра, который можно спрятать.</p>",
      "dvTable": "СЛ Пистолет"
    },
    "Nomad Long Rifle": {
      "name": "Длинностволка кочевников",
      "description": "<p>Дальнобойная снайперская винтовка. В магазине четыре патрона.</p>",
      "dvTable": "СЛ Снайперская винтовка"
    },
    "Nova Cityhunter": {
      "name": "«Городской охотник» от Нова",
      "description": "<p>Пистолет крупного калибра, который можно спрятать.</p>\n<p>+1 к атаке.</p>",
      "dvTable": "СЛ Пистолет"
    },
    "Sternmeyer P-35": {
      "name": "«P-35» от Штернмейер",
      "description": "<p>Пистолет сверхкрупного калибра. Не может быть спрятан.</p>",
      "dvTable": "СЛ Пистолет"
    },
    "Sternmeyer SMG-21": {
      "name": "«ПП-21» от Штернмейер",
      "description": "<p>ПП крупного калибра. Из-за габаритов его нельзя спрятать.</p>",
      "dvTable": "СЛ ПП"
    },
    "Towa Manufacturing Type-G": {
      "name": "«Тип-G» от Това мануфакчуринг",
      "description": "<p>Мощный гранатомёт, использующий множество типов гранат.</p>\n<p>Если выпадает единица на атаку (критический провал), возникает неисправность, для устранения которой потребуется действие.</p>",
      "dvTable": "СЛ Гранатомёт"
    },
    "Towa Manufacturing Type-R": {
      "name": "«Тип-R» отТова мануфакчуринг",
      "description": "<p>Время больших стволов. Эта ракетница жахнет как надо.</p>\n<p>Если выпадает единица на атаку (критический провал), возникает неисправность, для устранения которой потребуется действие.</p>",
      "dvTable": "СЛ Ракетница"
    },
    "Tsunami Arms Type-18": {
      "name": "«Тип-18» от Цунами армс",
      "description": "<p>Мощный гранатомёт, использующий множество типов гранат.</p>\n<p>+1 к атаке.</p>",
      "dvTable": "СЛ Гранатомёт"
    }
  }
}