{
  "label": "Броня",
  "mapping": {},
  "entries": {
    "Bodyweight Suit": {
      "name": "Комбинезон «Бодивейт»",
      "description": "<p>Бронированный комбинезон нетраннеров. Вмещает в себя кибердеку и поддерживает разъёмы интерфейса. Не покупается раздельно. Одновременно надевается на голову и на туловище. Добавляет один слот расширения только для кибердеки. Без штрафа от брони.</p>"
    },
    "Bullet Proof Shield": {
      "name": "Пулестойкий щит",
      "description": "<p>Требует одну руку и имеет свои ПЗ.</p>"
    },
    "Flak (Body)": {
      "name": "Костюм сапёра",
      "description": "<p>Усиленная металлическими пластинами броня, способная выдержать самые мощные попадания. -4 к РЕА, ЛВК и СКО.</p>"
    },
    "Flak (Head)": {
      "name": "Шлем сапёра",
      "description": "<p>Усиленная металлическими пластинами броня, способная выдержать самые мощные попадания. -4 к РЕА, ЛВК и СКО.</p>"
    },
    "Heavy Armorjack (Body)": {
      "name": "Тяжёлый бронекостюм",
      "description": "<p>Утяжелённая версия бронекостюма. -2 к РЕА, ЛВК и СКО.</p>"
    },
    "Heavy Armorjack (Head)": {
      "name": "Тяжёлый бронешлем",
      "description": "<p>Утяжелённая версия бронешлема. -2 к РЕА, ЛВК и СКО.</p>"
    },
    "Kevlar® (Body)": {
      "name": "Кевларовый жилет",
      "description": "<p>Стандартный кевларовый жилет. Без штрафа от брони.</p>"
    },
    "Kevlar® (Head)": {
      "name": "Кевларовый шлем",
      "description": "<p>Стандартный кевларовый шлем. Без штрафа от брони.</p>"
    },
    "Leathers (Body)": {
      "name": "Кожанка",
      "description": "<p>Простая кожанка. Без штрафа от брони.</p>"
    },
    "Leathers (Head)": {
      "name": "Кожанный шлем",
      "description": "<p>Простой кожанный шлем. Без штрафа от брони.</p>"
    },
    "Light Armorjack (Body)": {
      "name": "Лёгкий бронекостюм",
      "description": "<p>Облегчённый бронекостюм. Без штрафа от брони.</p>"
    },
    "Light Armorjack (Head)": {
      "name": "Лёгкий бронешлем",
      "description": "<p>Облегчённый бронешлем. Без штрафа от брони.</p>"
    },
    "Medium Armorjack (Body)": {
      "name": "Средний бронекостюм",
      "description": "<p>Средний бронекостюм. -2 к РЕА, ЛВК и СКО.</p>"
    },
    "Medium Armorjack (Head)": {
      "name": "Средний бронешлем",
      "description": "<p>Средний бронешлем. -2 к РЕА, ЛВК и СКО.</p>"
    },
    "Metalgear® (Body)": {
      "name": "Металлическая броня",
      "description": "<p>Самая тяжёлая и мощная броня в свободном доступе. -4 к РЕА, ЛВК и СКО.</p>"
    },
    "Metalgear® (Head)": {
      "name": "Металлический шлем",
      "description": "<p>Самая тяжёлый и мощный шлем в свободном доступе. -4 к РЕА, ЛВК и СКО.</p>"
    },
    "Skin Weave": {
      "name": "Вплетение в кожу",
      "description": "<p>Предмет брони для киберимпланта «Вплетение в кожу».</p>"
    },
    "Subdermal Armor": {
      "name": "Подкожная броня",
      "description": "<p>Предмет брони для киберимпланта «Подкожная броня».</p>"
    }
  }
}