{
  "label": "Боеприпасы",
  "mapping": {},
  "entries": {
    "Arrow (Armor-Piercing)": {
      "name": "Стрела (бронебойная)",
      "description": "<p>Удвоенное повреждение броне.</p>"
    },
    "Arrow (Basic)": {
      "name": "Стрела (стандартная)",
      "description": "<p>Обычный боеприпас, ничего особенного.</p>"
    },
    "Arrow (Biotoxin)": {
      "name": "Стрела (с биотоксином)",
      "description": "<p>При попадании не наносит урон, но необходимо пройти проверку <strong>Сопротивления пыткам/препаратам СЛ15</strong>. В случае провала цель получает 3d6 урона здоровью. Броня не получает повреждение.</p>"
    },
    "Arrow (Expansive)": {
      "name": "Стрела (экспансивная)",
      "description": "<p>При выпадении критического ранения «Инородное тело» (см. стр. 187 Основной книги правил) нужно сделать бросок на получение ещё одного (другого) критического ранения без получения дополнительного критического урона.</p>"
    },
    "Arrow (Incendiary)": {
      "name": "Стрела (зажигательная)",
      "description": "<p>Если цели нанесён урон, то её охватывает пламя. Цель получает 2 очка урона ПЗ в конце хода до тех пор, пока не совершит действие, чтобы потушить огонь. Эффект не накапливается.</p>"
    },
    "Arrow (Poison)": {
      "name": "Стрела (с ядом)",
      "description": "<p>При попадании не наносит урон, но необходимо пройти проверку <strong>Сопротивления пыткам/препаратам СЛ13</strong>. В случае провала цель получает 3d6 урона здоровью. Броня не получает повреждение.</p>"
    },
    "Arrow (Rubber)": {
      "name": "Стрела (резиновая)",
      "description": "<p>Не наносит критических ранений. Не наносит повреждения броне. Не позволяет снизить показатель ПЗ ниже единицы. Для экзотического оружия считается стандартным боеприпасом.</p>"
    },
    "Arrow (Sleep)": {
      "name": "Стрела (усыпляющая)",
      "description": "<p>Не наносит повреждений. Поражённая мясная цель проходит проверку <strong>Сопротивления пыткам/препаратам СЛ13</strong>. В случае провала цель получает статус «сбит с ног» (см. стр. 169) и в течение минуты находится без сознания. Цель может разбудить другой персонаж действием, если коснётся или потрясёт её.</p>"
    },
    "Arrow (Smart)": {
      "name": "Стрела (умная)",
      "description": "<p>Требует киберимплант «Прицел», иначе не выстрелит. Если у одиночного выстрела выпал промах на четыре или меньше, нужно провести ещё один бросок атаки с той же СЛ, но к броску добавляется 10 вместо обычного показателя характеристики. Можно использовать УДЧ. Цель может увернуться от такого выстрела как обычно.</p>"
    },
    "Battery Pack": {
      "name": "Аккумулятор",
      "description": "<p>Перезаряжаемый (1 час) аккумулятор, часто используемый в экзотическом оружии. Рассчитан на восемь выстрелов, после чего требует подзарядки.</p>"
    },
    "Grenade (Armor-Piercing)": {
      "name": "Граната (бронебойная)",
      "description": "<p>Двойное повреждение броне.</p>"
    },
    "Grenade (Biotoxin)": {
      "name": "Граната (с биотоксином)",
      "description": "<p>При попадании не наносит урон, но необходимо пройти проверку Сопротивления пыткам/препаратам СЛ15. В случае провала цель получает 3d6 урона здоровью. Броня не получает повреждение.</p>"
    },
    "Grenade (EMP)": {
      "name": "Граната (ЭМИ)",
      "description": "<p>При попадании цель проходит проверку Кибертехники СЛ15. В случае провала на одну минуту отключаются два киберимпланта или электронных устройства (на выбор ГМа). Отключённая конечность болтается, но механически ведёт себя как оторванная (см. стр. 187 Основной книги правил).</p>"
    },
    "Grenade (Flashbang)": {
      "name": "Граната (светошумовая)",
      "description": "<p>Не наносит урона. Поражённая цель проходит проверку Сопротивления пыткам/препаратам СЛ15. В случае провала цель на одну минут получает критические ранения «Повреждение слуха» и «Повреждение глаза» (см. стр. 188 Основной книги правил) без получения критического урона.</p>"
    },
    "Grenade (Incendiary)": {
      "name": "Граната (зажигательная)",
      "description": "<p>Если цели нанесён урон, то её охватывает пламя. Цель получает 2 очка урона ПЗ в конце хода до тех пор, пока не совершит действие, чтобы потушить огонь. Эффект не накапливается.</p>"
    },
    "Grenade (Poison)": {
      "name": "Граната (с ядом)",
      "description": "<p>При попадании не наносит урон, но необходимо пройти проверку Сопротивления пыткам/препаратам СЛ13. В случае провала цель получает 3d6 урона здоровью. Броня не получает повреждение.</p>"
    },
    "Grenade (Sleep)": {
      "name": "Граната (усыпляющая)",
      "description": "<p>Не наносит повреждений. Поражённая мясная цель проходит проверку <strong>Сопротивления пыткам/препаратам СЛ13</strong>. В случае провала цель получает статус «сбит с ног» (см. стр. 169) и в течение минуты находится без сознания. Цель может разбудить другой персонаж действием, если коснётся или потрясёт её.</p>"
    },
    "Grenade (Smoke)": {
      "name": "Граната (дымовая)",
      "description": "<p>Не наносит урона. Заполняет площадь 10 м/ярд на 10м/ярд дымом на одну минуту. Действия, предпринимаемые в дыму, совершаются со штрафом -4.</p>"
    },
    "Grenade (Teargas)": {
      "name": "Граната (со слезоточивым газом)",
      "description": "<p>Не наносит урона. Поражённая цель проходит проверку <strong>Сопротивления пыткам/препаратам СЛ13</strong>. В случае провала цель на одну минут получает критическое ранение «Повреждение глаза» (см. стр. 188) без получения критического урона.</p>"
    },
    "Heavy Pistol (Armor-Piercing)": {
      "name": "Для пистолета крупного калибра (бронебойный)",
      "description": "<p>Двойное повреждение броне.</p>"
    },
    "Heavy Pistol (Basic)": {
      "name": "Для пистолета крупного калибра (стандартный)",
      "description": "<p>Обычный боеприпас, ничего особенного.</p>"
    },
    "Heavy Pistol (Expansive)": {
      "name": "Для пистолета крупного калибра (экспансивный)",
      "description": "<p>При выпадении критического ранения «Инородное тело» (см. стр. 187 Основной книги правил) нужно сделать бросок на получение ещё одного (другого) критического ранения без получения дополнительного критического урона.</p>"
    },
    "Heavy Pistol (Incendiary)": {
      "name": "Для пистолета крупного калибра (зажигательный)",
      "description": "<p>Если цели нанесён урон, то её охватывает пламя. Цель получает 2 очка урона ПЗ в конце хода до тех пор, пока не совершит действие, чтобы потушить огонь. Эффект не накапливается.</p>"
    },
    "Heavy Pistol (Rubber)": {
      "name": "Для пистолета крупного калибра (резиновый)",
      "description": "<p>Не наносит критических ранений. Не наносит повреждения броне. Не позволяет снизить показатель ПЗ ниже единицы. Для экзотического оружия считается стандартным боеприпасом.</p>"
    },
    "Heavy Pistol (Smart)": {
      "name": "Для пистолета крупного калибра (умный)",
      "description": "<p>Требует киберимплант «Прицел», иначе не выстрелит. Если у одиночного выстрела выпал промах на четыре или меньше, нужно провести ещё один бросок атаки с той же СЛ, но к броску добавляется 10 вместо обычного показателя характеристики. Можно использовать УДЧ. Цель может увернуться от такого выстрела как обычно.</p>"
    },
    "Medium Pistol (Armor-Piercing)": {
      "name": "Для пистолета среднего калибра (бронебойный)",
      "description": "<p>Двойное повреждение броне.</p>"
    },
    "Medium Pistol (Basic)": {
      "name": "Для пистолета среднего калибра (стандартный)",
      "description": "<p>Обычный боеприпас, ничего особенного.</p>"
    },
    "Medium Pistol (Expansive)": {
      "name": "Для пистолета среднего калибра (экспансивный)",
      "description": "<p>При выпадении критического ранения «Инородное тело» (см. стр. 187 Основной книги правил) нужно сделать бросок на получение ещё одного (другого) критического ранения без получения дополнительного критического урона.</p>"
    },
    "Medium Pistol (Incendiary)": {
      "name": "Для пистолета среднего калибра (зажигательный)",
      "description": "<p>Если цели нанесён урон, то её охватывает пламя. Цель получает 2 очка урона ПЗ в конце хода до тех пор, пока не совершит действие, чтобы потушить огонь. Эффект не накапливается.</p>"
    },
    "Medium Pistol (Rubber)": {
      "name": "Для пистолета среднего калибра (резиновый)",
      "description": "<p>Не наносит критических ранений. Не наносит повреждения броне. Не позволяет снизить показатель ПЗ ниже единицы. Для экзотического оружия считается стандартным боеприпасом.</p>"
    },
    "Medium Pistol (Smart)": {
      "name": "Для пистолета среднего калибра (умный)",
      "description": "<p>Требует киберимплант «Прицел», иначе не выстрелит. Если у одиночного выстрела выпал промах на четыре или меньше, нужно провести ещё один бросок атаки с той же СЛ, но к броску добавляется 10 вместо обычного показателя характеристики. Можно использовать УДЧ. Цель может увернуться от такого выстрела как обычно.</p>"
    },
    "Paintball (Acid)": {
      "name": "Пейнтбольный шарик (с кислотой)",
      "description": "<p>Пейнтбольный шарик наполненный кислотой. Не наносит урона, но наносит повреждение броне на 1 ОС при попадании.*</p>\n<p><em>*На данный момент не поддерживается, повреждения нужно устанавливать вручную.</em></p>"
    },
    "Paintball (Basic)": {
      "name": "Пейнтбольный шарик (стандартный)",
      "description": "<p>Обычные пейнтбольные шарики не наносят урона. Но раздражают.</p>"
    },
    "Rifle (Armor-Piercing)": {
      "name": "Винтовочный (бронебойный)",
      "description": "<p>Двойное повреждение броне.</p>"
    },
    "Rifle (Basic)": {
      "name": "Винтовочный (стандартный)",
      "description": "<p>Обычный боеприпас, ничего особенного.</p>"
    },
    "Rifle (Expansive)": {
      "name": "Винтовочный (экспансивный)",
      "description": "<p>При выпадении критического ранения «Инородное тело» (см. стр. 187 Основной книги правил) нужно сделать бросок на получение ещё одного (другого) критического ранения без получения дополнительного критического урона.</p>"
    },
    "Rifle (Incendiary)": {
      "name": "Винтовочный (зажигательный)",
      "description": "<p>Если цели нанесён урон, то её охватывает пламя. Цель получает 2 очка урона ПЗ в конце хода до тех пор, пока не совершит действие, чтобы потушить огонь. Эффект не накапливается.</p>"
    },
    "Rifle (Rubber)": {
      "name": "Винтовочный (резиновый)",
      "description": "<p>Не наносит критических ранений. Не наносит повреждения броне. Не позволяет снизить показатель ПЗ ниже единицы. Для экзотического оружия считается стандартным боеприпасом.</p>"
    },
    "Rifle (Smart)": {
      "name": "Винтовочный (умный)",
      "description": "<p>Требует киберимплант «Прицел», иначе не выстрелит. Если у одиночного выстрела выпал промах на четыре или меньше, нужно провести ещё один бросок атаки с той же СЛ, но к броску добавляется 10 вместо обычного показателя характеристики. Можно использовать УДЧ. Цель может увернуться от такого выстрела как обычно.</p>"
    },
    "Rocket (Armor-Piercing)": {
      "name": "Ракета (бронебойная)",
      "description": "<p>Двойное повреждение броне.</p>"
    },
    "Rocket (Smart)": {
      "name": "Ракета (умная)",
      "description": "<p>Требует киберимплант «Прицел», иначе не выстрелит. Если у одиночного выстрела выпал промах на четыре или меньше, нужно провести ещё один бросок атаки с той же СЛ, но к броску добавляется 10 вместо обычного показателя характеристики. Можно использовать УДЧ. Цель может увернуться от такого выстрела как обычно.</p>"
    },
    "Shotgun Shell (Basic)": {
      "name": "Дробь (стандартная)",
      "description": "<p>Обычный боеприпас, ничего особенного.</p>"
    },
    "Shotgun Shell (Incendiary)": {
      "name": "Дробь (зажигательная)",
      "description": "<p>Если цели нанесён урон, то её охватывает пламя. Цель получает 2 очка урона ПЗ в конце хода до тех пор, пока не совершит действие, чтобы потушить огонь. Эффект не накапливается.</p>"
    },
    "Shotgun Slug (Armor-Piercing)": {
      "name": "Жакан (бронебойный)",
      "description": "<p>Двойное повреждение броне.</p>"
    },
    "Shotgun Slug (Basic)": {
      "name": "Жакан (стандартный)",
      "description": "<p>Обычный боеприпас, ничего особенного.</p>"
    },
    "Shotgun Slug (Expansive)": {
      "name": "Жакан (экспансивный)",
      "description": "<p>При выпадении критического ранения «Инородное тело» (см. стр. 187 Основной книги правил) нужно сделать бросок на получение ещё одного (другого) критического ранения без получения дополнительного критического урона.</p>"
    },
    "Shotgun Slug (Incendiary)": {
      "name": "Жакан (зажигательный)",
      "description": "<p>Если цели нанесён урон, то её охватывает пламя. Цель получает 2 очка урона ПЗ в конце хода до тех пор, пока не совершит действие, чтобы потушить огонь. Эффект не накапливается.</p>"
    },
    "Shotgun Slug (Rubber)": {
      "name": "Жакан (резиновый)",
      "description": "<p>Не наносит критических ранений. Не наносит повреждения броне. Не позволяет снизить показатель ПЗ ниже единицы. Для экзотического оружия считается стандартным боеприпасом.</p>"
    },
    "Shotgun Slug (Smart)": {
      "name": "Жакан (умный)",
      "description": "<p>Требует киберимплант «Прицел», иначе не выстрелит. Если у одиночного выстрела выпал промах на четыре или меньше, нужно провести ещё один бросок атаки с той же СЛ, но к броску добавляется 10 вместо обычного показателя характеристики. Можно использовать УДЧ. Цель может увернуться от такого выстрела как обычно.</p>"
    },
    "Very Heavy Pistol (Armor-Piercing)": {
      "name": "Для пистолета сверхкрупного калибра (бронебойный)",
      "description": "<p>Двойное повреждение броне.</p>"
    },
    "Very Heavy Pistol (Basic)": {
      "name": "Для пистолета сверхкрупного калибра (стандартный)",
      "description": "<p>Обычный боеприпас, ничего особенного.</p>"
    },
    "Very Heavy Pistol (Expansive)": {
      "name": "Для пистолета сверхкрупного калибра (экспансивный)",
      "description": "<p>При выпадении критического ранения «Инородное тело» (см. стр. 187 Основной книги правил) нужно сделать бросок на получение ещё одного (другого) критического ранения без получения дополнительного критического урона.</p>"
    },
    "Very Heavy Pistol (Incendiary)": {
      "name": "Для пистолета сверхкрупного калибра (зажигательный)",
      "description": "<p>Если цели нанесён урон, то её охватывает пламя. Цель получает 2 очка урона ПЗ в конце хода до тех пор, пока не совершит действие, чтобы потушить огонь. Эффект не накапливается.</p>"
    },
    "Very Heavy Pistol (Rubber)": {
      "name": "Для пистолета сверхкрупного калибра (резиновый)",
      "description": "<p>Не наносит критических ранений. Не наносит повреждения броне. Не позволяет снизить показатель ПЗ ниже единицы. Для экзотического оружия считается стандартным боеприпасом.</p>"
    },
    "Very Heavy Pistol (Smart)": {
      "name": "Для пистолета сверхкрупного калибра (умный)",
      "description": "<p>Требует киберимплант «Прицел», иначе не выстрелит. Если у одиночного выстрела выпал промах на четыре или меньше, нужно провести ещё один бросок атаки с той же СЛ, но к броску добавляется 10 вместо обычного показателя характеристики. Можно использовать УДЧ. Цель может увернуться от такого выстрела как обычно.</p>"
    }
  }
}