{
  "label": "Препараты",
  "mapping": {},
  "entries": {
    "Antibiotic": {
      "name": "Антибиотик",
      "description": "<p>Если цель начала процесс естественного лечения, инъекция антибиотика поможет восстановить два дополнительных ПЗ в неделю. Эффект не суммируется.</p>"
    },
    "Black Lace": {
      "name": "Чёрное кружево",
      "description": "<p><strong>Основной эффект</strong></p>\n<p>Доза действует 24 часа.</p>\n<ul>\n<li>Принявший дозу теряет 2d6 человечности, которая возвращается в случае успешной проверки Дополнительного эффекта</li>\n<li>Принявший дозу игнорирует статус «Серьёзно ранен» на время действия препарата</li>\n</ul>\n<p><br><strong>Дополнительный эффект (СЛ17)</strong></p>\n<p>Когда действие дозы прекращается, принявший её проходит проверку ВОЛ + Сопротивление пыткам/препаратам + 1d10 СЛ дополнительного эффекта. В случае провала:</p>\n<ul>\n<li>Потерянная человечность не возвращается</li>\n<li>Персонаж становится зависим и получает РЕА -2 пока не действует основной эффект</li>\n</ul>"
    },
    "Blue Glass": {
      "name": "Синее стекло",
      "description": "<p><strong>Основной эффект</strong></p>\n<p>Доза действует 4 часа.</p>\n<ul>\n<li>ГМ время от времени сообщает принявшему дозу, что тот видит цветные вспышки. В этом случае он не может выполнять действия в течении хода.</li>\n</ul>\n<p><strong>Дополнительный эффект (DV15)</strong></p>\n<p>Когда действие дозы прекращается, принявший её проходит проверку ВОЛ + Сопротивление пыткам/препаратам + 1d10 СЛ дополнительного эффекта. В случае провала:</p>\n<ul>\n<li>Персонаж становится зависим, и ГМ время от времени сообщает принявшему дозу, что тот видит цветные вспышки. В этом случае он не может выполнять действия в течении хода.</li>\n</ul>"
    },
    "Boost": {
      "name": "Буст",
      "description": "<p><strong>Основной эффект</strong></p>\n<p>Доза действует 24 часа.</p>\n<ul>\n<li>Принявший дозу получает ИНТ+2 на время действия препарата</li>\n</ul>\n<p><strong>Дополнительный эффект (СЛ17)</strong></p>\n<p>Когда действие дозы прекращается, принявший её проходит проверку ВОЛ + Сопротивление пыткам/препаратам + 1d10 СЛ дополнительного эффекта. В случае провала:</p>\n<ul>\n<li>Персонаж становится зависим и получает ИНТ -2</li>\n</ul>"
    },
    "Rapidetox": {
      "name": "Быстрый детокс",
      "description": "<p>Инъекция быстрого детокса избавит цель от эффектов любых препаратов, ядов и токсинов.</p>"
    },
    "Smash": {
      "name": "Смэш",
      "description": "<p><strong>Основной эффект</strong></p>\n<p>Доза действует 4 часа.</p>\n<p>Принявший дозу испытывает счастье и удовлетворение, при этом получает модификатор +2 к следующим навыкам:</p>\n<ul>\n<li>Актёрская игра</li>\n<li>Изворотливость</li>\n<li>Общение</li>\n<li>Проницательность</li>\n<li>Танец</li>\n<li>Убеждение</li>\n</ul>\n<p><strong>Дополнительный эффект (СЛ15)</strong></p>\n<p>Когда действие дозы прекращается, принявший её проходит проверку ВОЛ + Сопротивление пыткам/препаратам + 1d10 СЛ дополнительного эффекта. В случае провала:</p>\n<p>Персонаж становится зависим и получает  модификатор +2 к следующим навыкам:</p>\n<ul>\n<li>Актёрская игра</li>\n<li>Изворотливость</li>\n<li>Общение</li>\n<li>Проницательность</li>\n<li>Танец</li>\n<li>Убеждение</li>\n<li>ГМ время от времени будет сообщать, что у персонажа ломка, и это стоит отыгрывать</li>\n</ul>"
    },
    "Speedheal": {
      "name": "Спидхил",
      "description": "<p>Инъекция спидхила мгновенно излечивает количество ПЗ равное показателю ТЕЛ + ВОЛЯ цели. Не работает на смертельно раненых персонажей и можно употреблять только раз в день.</p>"
    },
    "Stim": {
      "name": "Стим",
      "description": "<p>Инъекция препарата позволяет цели игнорировать все штрафы, накладываемые состоянием «Серьёзное ранение» в течение часа. Можно употреблять только раз в день.</p>"
    },
    "Surge": {
      "name": "Сёрдж",
      "description": "<p>Инъекция препарата позволяет цели игнорировать эффекты, связанные с недостатком сна в течении двадцати четырёх часов. Можно употреблять только раз в неделю.</p>"
    },
    "Synthcoke": {
      "name": "Синткокс",
      "description": "<p><strong>Основной эффект</strong></p>\n<p>Доза действует 4 часа.</p>\n<ul>\n<li>Принявший дозу получает РЕА+1 на время действия препарата</li>\n<li>Принявший дозу изредка испытывает приступы паранойи</li>\n</ul>\n<p><strong>Дополнительный эффект (СЛ15)</strong></p>\n<p>Когда действие дозы прекращается, принявший её проходит проверку ВОЛ + Сопротивление пыткам/препаратам + 1d10 СЛ дополнительного эффекта. В случае провала</p>\n<ul>\n<li>Персонаж становится зависим и получает РЕА -2 пока не действует основной эффект</li>\n<li>ГМ время от времени будет сообщать, что у персонажа ломка, и это стоит отыгрывать</li>\n</ul>"
    }
  }
}