{
  "label": "NET architecture Rolltables",
  "mapping": {},
  "entries": {
    "All Other Floors (Advanced)": {
      "name": "All Other Floors (Advanced)",
      "results": [
        {
          "3-3": "Адская гончая",
          "4-4": "Аспид x2",
          "5-5": "Адская гончая, Убийца",
          "6-6": "Адская гончая",
          "7-7": "Адская гончая, Саблезуб",
          "8-8": "Адская гончая",
          "9-9": "Пароль СЛ10",
          "10-10": "Файл СЛ10",
          "11-11": "Узел управления СЛ10",
          "12-12": "Пароль СЛ10",
          "13-13": "Аспид",
          "14-14": "Аспид",
          "15-15": "Дракон",
          "16-16": "Аспид",
          "17-17": "Дракон, Дух",
          "18-18": "Дракон x2"
        }
      ]
    },
    "All Other Floors (Basic)": {
      "name": "All Other Floors (Basic)",
      "results": [
        {
          "3-3": "Адская гончая",
          "4-4": "Аспид x2",
          "5-5": "Адская гончая, Убийца",
          "6-6": "Адская гончая",
          "7-7": "Адская гончая, Саблезуб",
          "8-8": "Адская гончая",
          "9-9": "Пароль СЛ10",
          "10-10": "Файл СЛ10",
          "11-11": "Узел управления СЛ10",
          "12-12": "Пароль СЛ10",
          "13-13": "Аспид",
          "14-14": "Аспид",
          "15-15": "Дракон",
          "16-16": "Аспид",
          "17-17": "Дракон, Дух",
          "18-18": "Дракон x2"
        }
      ]
    },
    "All Other Floors (Standard)": {
      "name": "All Other Floors (Standard)",
      "results": [
        {
          "3-3": "Адская гончая",
          "4-4": "Аспид x2",
          "5-5": "Адская гончая, Убийца",
          "6-6": "Адская гончая",
          "7-7": "Адская гончая, Саблезуб",
          "8-8": "Адская гончая",
          "9-9": "Пароль СЛ10",
          "10-10": "Файл СЛ10",
          "11-11": "Узел управления СЛ10",
          "12-12": "Пароль СЛ10",
          "13-13": "Аспид",
          "14-14": "Аспид",
          "15-15": "Дракон",
          "16-16": "Аспид",
          "17-17": "Дракон, Дух",
          "18-18": "Дракон x2"
        }
      ]
    },
    "All Other Floors (Uncommon)": {
      "name": "All Other Floors (Uncommon)",
      "results": [
        {
          "3-3": "Адская гончая",
          "4-4": "Аспид x2",
          "5-5": "Адская гончая, Убийца",
          "6-6": "Адская гончая",
          "7-7": "Адская гончая, Саблезуб",
          "9-9": "Пароль СЛ10",
          "10-10": "Файл СЛ10",
          "11-11": "Узел управления СЛ10",
          "12-12": "Пароль СЛ10",
          "13-13": "Аспид",
          "14-14": "Аспид",
          "15-15": "Дракон",
          "16-16": "Аспид",
          "17-17": "Дракон, Дух",
          "18-18": "Дракон x2",
          "8-8": "Адская гончая"
        }
      ]
    },
    "First Two Floors (The Lobby)": {
      "name": "First Two Floors (The Lobby)",
      "results": [
        {
          "1-1": "Файл СЛ6",
          "2-2": "Пароль СЛ6",
          "3-3": "Пароль СЛ8",
          "4-4": "Скунс",
          "5-5": "Дух",
          "6-6": "Убийца"
        }
      ]
    }
  }
}