{
  "label": "Критические ранение головы",
  "mapping": {},
  "entries": {
    "Brain Injury": {
      "name": "Повреждение мозга",
      "description": "<p>-2 ко всем действиям.</p>"
    },
    "Broken Jaw": {
      "name": "Перелом челюсти",
      "description": "<p>-4 к разговорным действиям.</p>"
    },
    "Concussion": {
      "name": "Контузия",
      "description": "<p>-2 ко всем действиям.</p>"
    },
    "Cracked Skull": {
      "name": "Перелом черепа",
      "description": "<p>Тройной урон по ПЗ от прицельных попаданий в голову (а не двойной, как обычно).</p>"
    },
    "Crushed Windpipe": {
      "name": "Травма трахеи",
      "description": "<p>Не можешь говорить.</p>"
    },
    "Damaged Ear": {
      "name": "Повреждение уха",
      "description": "<p>Передвинувшись больше чем на 4 м/ярд за ход, невозможно совершить действие движения в следующем ходу. -4 к проверкам внимательности, требующим слух.</p>"
    },
    "Damaged Eye": {
      "name": "Повреждение глаза",
      "description": "<p>-2 к атакам в дальнем бою и проверкам внимательности, требующим зрение.</p>"
    },
    "Foreign Object (H)": {
      "name": "Инородное тело (голова)",
      "description": "<p>Получи критический урон в конце хода, если ты прошел больше 4 м/ярд пешком.</p>"
    },
    "Lost Ear": {
      "name": "Потеря уха",
      "description": "<p>Минус ухо. Передвинувшись больше чем на 4 м/ярд за ход, невозможно совершить действие движения в следующем ходу. -4 к проверкам Внимательности, требующим слух.</p>"
    },
    "Lost Eye": {
      "name": "Потеря глаза",
      "description": "<p>Минус глаз. -4 к атакам в дальнем бою и проверкам Внимательности, требующим зрение.</p>"
    },
    "Whiplash": {
      "name": "Травма шеи",
      "description": "<p>Штраф испытания против смерти увеличивается на единицу без каких-либо дополнительных эффектов.</p>"
    }
  }
}