{
  "label": "Навыки (Знание местности)",
  "mapping": {},
  "entries": {
    "Local Expert (Badlands)": {
      "name": "Знание местности (Пустоши)",
      "description": ""
    },
    "Local Expert (Little China)": {
      "name": "Знание местности (Маленький Китай)",
      "description": ""
    },
    "Local Expert (Little Europe)": {
      "name": "Знание местности (Маленькая Европа)",
      "description": ""
    },
    "Local Expert (Morro Rock)": {
      "name": "Знание местности (Морро Рок)",
      "description": ""
    },
    "Local Expert (New Westbrook)": {
      "name": "Знание местности (Новый Вестбрук)",
      "description": ""
    },
    "Local Expert (Norcal Military Base)": {
      "name": "Знание местности (Военная база Северной Калифорнии)",
      "description": ""
    },
    "Local Expert (Old Combat Zone)": {
      "name": "Знание местности (Старая боевая зона)",
      "description": ""
    },
    "Local Expert (Old Corp Center)": {
      "name": "Знание местности (Старый корпоративный центр)",
      "description": ""
    },
    "Local Expert (Old Japan Town)": {
      "name": "Знание местности (Старый Джапантаун)",
      "description": ""
    },
    "Local Expert (South Night City)": {
      "name": "Знание местности (Южный Найт-Сити)",
      "description": ""
    },
    "Local Expert (The Glen)": {
      "name": "Знание местности (Глен)",
      "description": ""
    },
    "Local Expert (University District)": {
      "name": "Знание местности (Университетский район)",
      "description": ""
    },
    "Local Expert (Upper Marina)": {
      "name": "Знание местности (Аппер Марина)",
      "description": ""
    },
    "Local Expert (Watson)": {
      "name": "Знание местности (Уотсон)",
      "description": ""
    }
  }
}