{
  "label": "Одежда",
  "mapping": {},
  "entries": {
    "Asia Pop Bottoms": {
      "name": "Низ (Азия поп)",
      "description": "<p>Воплощение последних тенденций азиатской моды. Одежда в стиле «Азия поп» привлечёт к себе внимание яркими цветами и экстравагантным дизайном.</p>"
    },
    "Asia Pop Contact Lenses": {
      "name": "Контактные линзы (Азия поп)",
      "description": "<p>Воплощение последних тенденций азиатской моды. Одежда в стиле «Азия поп» привлечёт к себе внимание яркими цветами и экстравагантным дизайном.</p>"
    },
    "Asia Pop Footwear": {
      "name": "Обувь (Азия поп)",
      "description": "<p>Воплощение последних тенденций азиатской моды. Одежда в стиле «Азия поп» привлечёт к себе внимание яркими цветами и экстравагантным дизайном.</p>"
    },
    "Asia Pop Glasses": {
      "name": "Очки (Азия поп)",
      "description": "<p>Воплощение последних тенденций азиатской моды. Одежда в стиле «Азия поп» привлечёт к себе внимание яркими цветами и экстравагантным дизайном.</p>"
    },
    "Asia Pop Hat": {
      "name": "Головной убор (Азия поп)",
      "description": "<p>Воплощение последних тенденций азиатской моды. Одежда в стиле «Азия поп» привлечёт к себе внимание яркими цветами и экстравагантным дизайном.</p>"
    },
    "Asia Pop Jacket": {
      "name": "Верхняя одежда (Азия поп)",
      "description": "<p>Воплощение последних тенденций азиатской моды. Одежда в стиле «Азия поп» привлечёт к себе внимание яркими цветами и экстравагантным дизайном.</p>"
    },
    "Asia Pop Jewelry": {
      "name": "Украшение (Азия поп)",
      "description": "<p>Воплощение последних тенденций азиатской моды. Одежда в стиле «Азия поп» привлечёт к себе внимание яркими цветами и экстравагантным дизайном.</p>"
    },
    "Asia Pop Mirrorshades": {
      "name": "Зеркальные очки (Азия поп)",
      "description": "<p>Воплощение последних тенденций азиатской моды. Одежда в стиле «Азия поп» привлечёт к себе внимание яркими цветами и экстравагантным дизайном.</p>"
    },
    "Asia Pop Top": {
      "name": "Верх (Азия поп)",
      "description": "<p>Воплощение последних тенденций азиатской моды. Одежда в стиле «Азия поп» привлечёт к себе внимание яркими цветами и экстравагантным дизайном.</p>"
    },
    "Bag Lady Chic Bottoms": {
      "name": "Низ (бомжатский прикид)",
      "description": "<p>Последний писк моды прямиком из мусорного бака! Рваная и поношенная одежда, идеально подходит для создания образа бездомного.</p>"
    },
    "Bag Lady Chic Contact Lenses": {
      "name": "Контактные линзы (бомжатский прикид)",
      "description": "<p>Последний писк моды прямиком из мусорного бака! Рваная и поношенная одежда, идеально подходит для создания образа бездомного.</p>"
    },
    "Bag Lady Chic Footwear": {
      "name": "Обувь (бомжатский прикид)",
      "description": "<p>Последний писк моды прямиком из мусорного бака! Рваная и поношенная одежда, идеально подходит для создания образа бездомного.</p>"
    },
    "Bag Lady Chic Glasses": {
      "name": "Очки (бомжатский прикид)",
      "description": "<p>Последний писк моды прямиком из мусорного бака! Рваная и поношенная одежда, идеально подходит для создания образа бездомного.</p>"
    },
    "Bag Lady Chic Hat": {
      "name": "Головной убор (бомжатский прикид)",
      "description": "<p>Последний писк моды прямиком из мусорного бака! Рваная и поношенная одежда, идеально подходит для создания образа бездомного.</p>"
    },
    "Bag Lady Chic Jacket": {
      "name": "Верхняя одежда (бомжатский прикид)",
      "description": "<p>Последний писк моды прямиком из мусорного бака! Рваная и поношенная одежда, идеально подходит для создания образа бездомного.</p>"
    },
    "Bag Lady Chic Jewelry": {
      "name": "Украшение (бомжатский прикид)",
      "description": "<p>Последний писк моды прямиком из мусорного бака! Рваная и поношенная одежда, идеально подходит для создания образа бездомного.</p>"
    },
    "Bag Lady Chic Mirrorshades": {
      "name": "Зеркальные очки (бомжатский прикид)",
      "description": "<p>Последний писк моды прямиком из мусорного бака! Рваная и поношенная одежда, идеально подходит для создания образа бездомного.</p>"
    },
    "Bag Lady Chic Top": {
      "name": "Верх (бомжатский прикид)",
      "description": "<p>Последний писк моды прямиком из мусорного бака! Рваная и поношенная одежда, идеально подходит для создания образа бездомного.</p>"
    },
    "Bohemian Bottoms": {
      "name": "Низ (бохо)",
      "description": "<p>Дай волю своему внутреннему хиппарю из 70-х! Продемонстрируй всем свою беззаботность этим нарядом.</p>"
    },
    "Bohemian Contact Lenses": {
      "name": "Контактные линзы (бохо)",
      "description": "<p>Дай волю своему внутреннему хиппарю из 70-х! Продемонстрируй всем свою беззаботность этим нарядом.</p>"
    },
    "Bohemian Footwear": {
      "name": "Обувь (бохо)",
      "description": "<p>Дай волю своему внутреннему хиппарю из 70-х! Продемонстрируй всем свою беззаботность этим нарядом.</p>"
    },
    "Bohemian Glasses": {
      "name": "Очки (бохо)",
      "description": "<p>Дай волю своему внутреннему хиппарю из 70-х! Продемонстрируй всем свою беззаботность этим нарядом.</p>"
    },
    "Bohemian Hat": {
      "name": "Головной убор (бохо)",
      "description": "<p>Дай волю своему внутреннему хиппарю из 70-х! Продемонстрируй всем свою беззаботность этим нарядом.</p>"
    },
    "Bohemian Jacket": {
      "name": "Верхняя одежда (бохо)",
      "description": "<p>Дай волю своему внутреннему хиппарю из 70-х! Продемонстрируй всем свою беззаботность этим нарядом.</p>"
    },
    "Bohemian Jewelry": {
      "name": "Украшение (бохо)",
      "description": "<p>Дай волю своему внутреннему хиппарю из 70-х! Продемонстрируй всем свою беззаботность этим нарядом.</p>"
    },
    "Bohemian Mirrorshades": {
      "name": "Зеркальные очки (бохо)",
      "description": "<p>Дай волю своему внутреннему хиппарю из 70-х! Продемонстрируй всем свою беззаботность этим нарядом.</p>"
    },
    "Bohemian Top": {
      "name": "Верх (бохо)",
      "description": "<p>Дай волю своему внутреннему хиппарю из 70-х! Продемонстрируй всем свою беззаботность этим нарядом.</p>"
    },
    "Businesswear Bottoms": {
      "name": "Низ (деловой стиль)",
      "description": "<p>Типичная корпоративная одежда. Дай всем знать, что ты здесь по делу.</p>"
    },
    "Businesswear Contact Lenses": {
      "name": "Контактные линзы (деловой стиль)",
      "description": "<p>Типичная корпоративная одежда. Дай всем знать, что ты здесь по делу.</p>"
    },
    "Businesswear Footwear": {
      "name": "Обувь (деловой стиль)",
      "description": "<p>Типичная корпоративная одежда. Дай всем знать, что ты здесь по делу.</p>"
    },
    "Businesswear Glasses": {
      "name": "Очки (деловой стиль)",
      "description": "<p>Типичная корпоративная одежда. Дай всем знать, что ты здесь по делу.</p>"
    },
    "Businesswear Hat": {
      "name": "Головной убор (деловой стиль)",
      "description": "<p>Типичная корпоративная одежда. Дай всем знать, что ты здесь по делу.</p>"
    },
    "Businesswear Jacket": {
      "name": "Верхняя одежда (деловой стиль)",
      "description": "<p>Типичная корпоративная одежда. Дай всем знать, что ты здесь по делу.</p>"
    },
    "Businesswear Jewelry": {
      "name": "Украшение (деловой стиль)",
      "description": "<p>Типичная корпоративная одежда. Дай всем знать, что ты здесь по делу.</p>"
    },
    "Businesswear Mirrorshades": {
      "name": "Зеркальные очки (деловой стиль)",
      "description": "<p>Типичная корпоративная одежда. Дай всем знать, что ты здесь по делу.</p>"
    },
    "Businesswear Top": {
      "name": "Верх (деловой стиль)",
      "description": "<p>Типичная корпоративная одежда. Дай всем знать, что ты здесь по делу.</p>"
    },
    "Gang Colors Bottoms": {
      "name": "Низ (одежда банды)",
      "description": "<p>Покажи, с кем ты!</p>"
    },
    "Gang Colors Contact Lenses": {
      "name": "Контактные линзы (одежда банды)",
      "description": "<p>Покажи, с кем ты!</p>"
    },
    "Gang Colors Footwear": {
      "name": "Обувь (одежда банды)",
      "description": "<p>Покажи, с кем ты!</p>"
    },
    "Gang Colors Glasses": {
      "name": "Очки (одежда банды)",
      "description": "<p>Покажи, с кем ты!</p>"
    },
    "Gang Colors Hat": {
      "name": "Головной убор (одежда банды)",
      "description": "<p>Покажи, с кем ты!</p>"
    },
    "Gang Colors Jacket": {
      "name": "Верхняя одежда (одежда банды)",
      "description": "<p>Покажи, с кем ты!</p>"
    },
    "Gang Colors Jewelry": {
      "name": "Украшение (одежда банды)",
      "description": "<p>Покажи, с кем ты!</p>"
    },
    "Gang Colors Mirrorshades": {
      "name": "Зеркальные очки (одежда банды)",
      "description": "<p>Покажи, с кем ты!</p>"
    },
    "Gang Colors Top": {
      "name": "Верх (одежда банды)",
      "description": "<p>Покажи, с кем ты!</p>"
    },
    "Generic Chic Bottoms": {
      "name": "Низ (обычный прикид)",
      "description": "<p>Одежда, которую можно найти на витринах мегаторговых центров тёмного будущего. Идеальный вариант, если не хочешь выделяться из толпы.</p>"
    },
    "Generic Chic Contact Lenses": {
      "name": "Контактные линзы (обычный прикид)",
      "description": "<p>Одежда, которую можно найти на витринах мегаторговых центров тёмного будущего. Идеальный вариант, если не хочешь выделяться из толпы.</p>"
    },
    "Generic Chic Footwear": {
      "name": "Обувь (обычный прикид)",
      "description": "<p>Одежда, которую можно найти на витринах мегаторговых центров тёмного будущего. Идеальный вариант, если не хочешь выделяться из толпы.</p>"
    },
    "Generic Chic Glasses": {
      "name": "Очки (обычный прикид)",
      "description": "<p>Одежда, которую можно найти на витринах мегаторговых центров тёмного будущего. Идеальный вариант, если не хочешь выделяться из толпы.</p>"
    },
    "Generic Chic Hat": {
      "name": "Головной убор (обычный прикид)",
      "description": "<p>Одежда, которую можно найти на витринах мегаторговых центров тёмного будущего. Идеальный вариант, если не хочешь выделяться из толпы.</p>"
    },
    "Generic Chic Jacket": {
      "name": "Верхняя одежда (обычный прикид)",
      "description": "<p>Одежда, которую можно найти на витринах мегаторговых центров тёмного будущего. Идеальный вариант, если не хочешь выделяться из толпы.</p>"
    },
    "Generic Chic Jewelry": {
      "name": "Украшение (обычный прикид)",
      "description": "<p>Одежда, которую можно найти на витринах мегаторговых центров тёмного будущего. Идеальный вариант, если не хочешь выделяться из толпы.</p>"
    },
    "Generic Chic Mirrorshades": {
      "name": "Зеркальные очки (обычный прикид)",
      "description": "<p>Одежда, которую можно найти на витринах мегаторговых центров тёмного будущего. Идеальный вариант, если не хочешь выделяться из толпы.</p>"
    },
    "Generic Chic Top": {
      "name": "Верх (Обычный прикид)",
      "description": "<p>Одежда, которую можно найти на витринах мегаторговых центров тёмного будущего. Идеальный вариант, если не хочешь выделяться из толпы.</p>"
    },
    "High Fashion Bottoms": {
      "name": "Низ (высокая мода)",
      "description": "<p>Одежда из самых дорогих и высококачественных материалов, изготовленная самыми дорогими производителями. Именно такое носят те, кто добился в жизни успеха, и супермодели на просторах Ситинета.</p>"
    },
    "High Fashion Contact Lenses": {
      "name": "Контактные линзы (высокая мода)",
      "description": "<p>Одежда из самых дорогих и высококачественных материалов, изготовленная самыми дорогими производителями. Именно такое носят те, кто добился в жизни успеха, и супермодели на просторах Ситинета.</p>"
    },
    "High Fashion Footwear": {
      "name": "Обувь (высокая мода)",
      "description": "<p>Одежда из самых дорогих и высококачественных материалов, изготовленная самыми дорогими производителями. Именно такое носят те, кто добился в жизни успеха, и супермодели на просторах Ситинета.</p>"
    },
    "High Fashion Glasses": {
      "name": "Очки (высокая мода)",
      "description": "<p>Одежда из самых дорогих и высококачественных материалов, изготовленная самыми дорогими производителями. Именно такое носят те, кто добился в жизни успеха, и супермодели на просторах Ситинета.</p>"
    },
    "High Fashion Hat": {
      "name": "Головной убор (высокая мода)",
      "description": "<p>Одежда из самых дорогих и высококачественных материалов, изготовленная самыми дорогими производителями. Именно такое носят те, кто добился в жизни успеха, и супермодели на просторах Ситинета.</p>"
    },
    "High Fashion Jacket": {
      "name": "Верхняя одежда (высокая мода)",
      "description": "<p>Одежда из самых дорогих и высококачественных материалов, изготовленная самыми дорогими производителями. Именно такое носят те, кто добился в жизни успеха, и супермодели на просторах Ситинета.</p>"
    },
    "High Fashion Jewelry": {
      "name": "Украшение (высокая мода)",
      "description": "<p>Одежда из самых дорогих и высококачественных материалов, изготовленная самыми дорогими производителями. Именно такое носят те, кто добился в жизни успеха, и супермодели на просторах Ситинета.</p>"
    },
    "High Fashion Mirrorshades": {
      "name": "Зеркальные очки (высокая мода)",
      "description": "<p>Одежда из самых дорогих и высококачественных материалов, изготовленная самыми дорогими производителями. Именно такое носят те, кто добился в жизни успеха, и супермодели на просторах Ситинета.</p>"
    },
    "High Fashion Top": {
      "name": "Верх (высокая мода)",
      "description": "<p>Одежда из самых дорогих и высококачественных материалов, изготовленная самыми дорогими производителями. Именно такое носят те, кто добился в жизни успеха, и супермодели на просторах Ситинета.</p>"
    },
    "Leisurewear Bottoms": {
      "name": "Низ (спортивки)",
      "description": "<p>Самая незамысловатая спортивная одежда. Идеально подходит для пробежек и лежания на диване.</p>"
    },
    "Leisurewear Contact Lenses": {
      "name": "Контактные линзы (спортивки)",
      "description": "<p>Самая незамысловатая спортивная одежда. Идеально подходит для пробежек и лежания на диване.</p>"
    },
    "Leisurewear Footwear": {
      "name": "Обувь (спортивки)",
      "description": "<p>Самая незамысловатая спортивная одежда. Идеально подходит для пробежек и лежания на диване.</p>"
    },
    "Leisurewear Glasses": {
      "name": "Очки (спортивки)",
      "description": "<p>Самая незамысловатая спортивная одежда. Идеально подходит для пробежек и лежания на диване.</p>"
    },
    "Leisurewear Hat": {
      "name": "Головной убор (спортивки)",
      "description": "<p>Самая незамысловатая спортивная одежда. Идеально подходит для пробежек и лежания на диване.</p>"
    },
    "Leisurewear Jacket": {
      "name": "Верхняя одежда (спортивки)",
      "description": "<p>Самая незамысловатая спортивная одежда. Идеально подходит для пробежек и лежания на диване.</p>"
    },
    "Leisurewear Jewelry": {
      "name": "Украшение (спортивки)",
      "description": "<p>Самая незамысловатая спортивная одежда. Идеально подходит для пробежек и лежания на диване.</p>"
    },
    "Leisurewear Mirrorshades": {
      "name": "Зеркальные очки (спортивки)",
      "description": "<p>Самая незамысловатая спортивная одежда. Идеально подходит для пробежек и лежания на диване.</p>"
    },
    "Leisurewear Top": {
      "name": "Верх (спортивки)",
      "description": "<p>Самая незамысловатая спортивная одежда. Идеально подходит для пробежек и лежания на диване.</p>"
    },
    "Nomad Leathers Bottoms": {
      "name": "Низ (одеяния кочевников)",
      "description": "<p>Если хочешь выглядеть как киберковбой, то это — то что нужно.</p>"
    },
    "Nomad Leathers Contact Lenses": {
      "name": "Контактные линзы (одеяния кочевников)",
      "description": "<p>Если хочешь выглядеть как киберковбой, то это — то что нужно.</p>"
    },
    "Nomad Leathers Footwear": {
      "name": "Обувь (одеяния кочевников)",
      "description": "<p>Если хочешь выглядеть как киберковбой, то это — то что нужно.</p>"
    },
    "Nomad Leathers Glasses": {
      "name": "Очки (одеяния кочевников)",
      "description": "<p>Если хочешь выглядеть как киберковбой, то это — то что нужно.</p>"
    },
    "Nomad Leathers Hat": {
      "name": "Головной убор (одеяния кочевников)",
      "description": "<p>Если хочешь выглядеть как киберковбой, то это — то что нужно.</p>"
    },
    "Nomad Leathers Jacket": {
      "name": "Верхняя одежда (одеяния кочевников)",
      "description": "<p>Если хочешь выглядеть как киберковбой, то это — то что нужно.</p>"
    },
    "Nomad Leathers Jewelry": {
      "name": "Украшение (одеяния кочевников)",
      "description": "<p>Если хочешь выглядеть как киберковбой, то это — то что нужно.</p>"
    },
    "Nomad Leathers Mirrorshades": {
      "name": "Зеркальные очки (одеяния кочевников)",
      "description": "<p>Если хочешь выглядеть как киберковбой, то это — то что нужно.</p>"
    },
    "Nomad Leathers Top": {
      "name": "Верх (одеяния кочевников)",
      "description": "<p>Если хочешь выглядеть как киберковбой, то это — то что нужно.</p>"
    },
    "Urban Flash Bottoms": {
      "name": "Низ (городской эпатаж)",
      "description": "<p>Самая технологичная и вычурная одежда, которую только можно найти в Красное время.</p>"
    },
    "Urban Flash Contact Lenses": {
      "name": "Контактные линзы (городской эпатаж)",
      "description": "<p>Самая технологичная и вычурная одежда, которую только можно найти в Красное время.</p>"
    },
    "Urban Flash Footwear": {
      "name": "Обувь (городской эпатаж)",
      "description": "<p>Самая технологичная и вычурная одежда, которую только можно найти в Красное время.</p>"
    },
    "Urban Flash Glasses": {
      "name": "Очки (городской эпатаж)",
      "description": "<p>Самая технологичная и вычурная одежда, которую только можно найти в Красное время.</p>"
    },
    "Urban Flash Hat": {
      "name": "Головной убор (городской эпатаж)",
      "description": "<p>Самая технологичная и вычурная одежда, которую только можно найти в Красное время.</p>"
    },
    "Urban Flash Jacket": {
      "name": "Верхняя одежда (городской эпатаж)",
      "description": "<p>Самая технологичная и вычурная одежда, которую только можно найти в Красное время.</p>"
    },
    "Urban Flash Jewelry": {
      "name": "Украшение (городской эпатаж)",
      "description": "<p>Самая технологичная и вычурная одежда, которую только можно найти в Красное время.</p>"
    },
    "Urban Flash Mirrorshades": {
      "name": "Зеркальные очки (городской эпатаж)",
      "description": "<p>Самая технологичная и вычурная одежда, которую только можно найти в Красное время.</p>"
    },
    "Urban Flash Top": {
      "name": "Верх (городской эпатаж)",
      "description": "<p>Самая технологичная и вычурная одежда, которую только можно найти в Красное время.</p>"
    }
  }
}