{
  "label": "Транспорт",
  "mapping": {},
  "entries": {
    "Aerozep": {
      "name": "Аэрозеп",
      "description": "<p>Современный грузовой дирижабль. Минимум два помещения. Стоимость указана за каждое помещение под палубой.</p>"
    },
    "AV-4 Multipurpose Aerodyne": {
      "name": "Многоцелевой аэродин AV-4",
      "description": "<p>Многоцелевой воздушный транспорт, приспособленный к быстрым вертикальным взлёту и посадке. Обычно используется Trauma Team.</p>"
    },
    "AV-9 Super Aerodyne": {
      "name": "Супер аэродин AV-9",
      "description": "<p>Улучшенный AV с ограниченным количеством посадочных мест. Развивает скорость до 300 миль (480 километров) в час.</p>"
    },
    "Cabin Cruiser": {
      "name": "Прогулочный катер",
      "description": "<p>Очень быстрый катер. Минимум два помещения. Стоимость указана за каждое помещение под палубой.</p>"
    },
    "Compact Groundcar": {
      "name": "Компактный автомобиль",
      "description": "<p>Автомобиль с двигателем на CHOOH<sup>2</sup>. Очень распространённый вид транспорта: десятки концернов производят ворох похожих друг на друга моделей.</p>"
    },
    "Gyrocopter": {
      "name": "Автожир",
      "description": "<p>Небольшой двухместный винтокрылый летательный аппарат.</p>"
    },
    "Helicopter": {
      "name": "Вертолёт",
      "description": "<p>Четырёхместный транспорт, приспособленный для быстрых продолжительных полётов.</p>"
    },
    "High Performance Groundcar": {
      "name": "Спортивный автомобиль",
      "description": "<p>Автомобиль с повышенными характеристиками для спортивных состязаний.</p>"
    },
    "Jetski": {
      "name": "Гидроцикл",
      "description": "<p>Обычный двухместный гидроцикл с двигателем на CHOOH<sup>2</sup>.</p>"
    },
    "Roadbike": {
      "name": "Дорожный мотоцикл",
      "description": "<p>Обычный для Красного времени мотоцикл с двигателем на CHOOH<sup>2</sup>.</p>"
    },
    "Speedboat": {
      "name": "Быстроходный катер",
      "description": "<p>Быстрый катер с двигателем на CHOOH<sup>2</sup>.</p>"
    },
    "Super Groundcar": {
      "name": "Суперкар",
      "description": "<p>Дорогой и редкий спорткар с двигателем на CHOOH<sup>2</sup>, способный разгоняться до очень высоких скоростей.</p>"
    },
    "Superbike": {
      "name": "Супербайк",
      "description": "<p>Заряженная версия дорожного мотоцикла, способная разгоняться до очень высоких скоростей.</p>"
    },
    "Yacht": {
      "name": "Яхта",
      "description": "<p>Роскошный катер. Минимум четыре помещения. Стоимость указана за каждое помещение под и над палубой.</p>"
    }
  }
}