{
  "label": "Киберимпланты",
  "mapping": {
    "dvTable": "system.dvTable"
  },
  "entries": {
    "Amplified Hearing": {
      "name": "Усиленный слух",
      "description": "<p>+2 к проверкам внимательности, требующим слух.</p>"
    },
    "Anti-Dazzle": {
      "name": "Антиблик",
      "description": "<p>Работают в паре. Иммунитет к ослепляющим эффектам (например от светошумовых гранат).</p>"
    },
    "Artificial Shoulder Mount": {
      "name": "Искусственные плечи",
      "description": "<p>Позволяют установить дополнительную пару киберрук.</p>"
    },
    "Audio Recorder": {
      "name": "Диктофон",
      "description": "<p>Записывает звук. Можно связать со щепкой или агентом.</p>"
    },
    "AudioVox": {
      "name": "АудиоВокс",
      "description": "<p>Автотюн голоса. +2 к проверкам актёрской игры и игры на инструментах.</p>"
    },
    "Big Knucks": {
      "name": "Большие костяшки",
      "description": "<p>Армированные костяшки, выполняющие функцию оружия ближнего боя.</p>"
    },
    "Biomonitor": {
      "name": "Биомонитор",
      "description": "<p>ЖК-экран с информацией о жизнедеятельности носящего. Может быть связан с агентом.</p>"
    },
    "Braindance Recorder": {
      "name": "Имплант записи брейндансов",
      "description": "<p>Записывает воспоминания для воспроизведения в виде брейнданса. Подходит для журналистов.</p>"
    },
    "Bug Detector": {
      "name": "Обнаружитель жучков",
      "description": "<p>Сообщает о жучках в радиусе 2 м/ярд.</p>"
    },
    "Chemical Analyzer": {
      "name": "Химический анализатор",
      "description": "<p>Щепка.</p>\n<p>Позволяет узнать состав вещества.</p>"
    },
    "Chemskin": {
      "name": "Химкожа",
      "description": "<p>+2 к проверкам ухода за собой, если используется с техволосами. Меняет цвет кожи.</p>"
    },
    "Chipware Socket": {
      "name": "Разъём для щепок",
      "description": "<p>Слот для установки и удаления щепок.</p>"
    },
    "Chyron": {
      "name": "Хирон",
      "description": "<p>Маленький экранчик в глазу. Показывает картинку в картинке, чтобы скрасить скуку.</p>"
    },
    "Color Shift": {
      "name": "Смена цвета",
      "description": "<p>Позволяет менять цвет глаз без ограничений в оттенках и рисунках.</p>"
    },
    "Contraceptive Implant": {
      "name": "Имплантат контрацепции",
      "description": "<p>Предотвращает нежелательную беременность.</p>"
    },
    "Cyberarm": {
      "name": "Киберрука",
      "description": "<p>Кибернетическая рука. Бесплатная кисть в комплекте.</p>"
    },
    "Cyberaudio Suite": {
      "name": "Система кибераудио",
      "description": "<p>Интерфейс для улучшений аудио.</p>"
    },
    "Cyberdeck (Hardwired)": {
      "name": "Кибердека (встроенная)",
      "description": "<p>Встроенная кибердека, так она будет всегда с собой.</p>"
    },
    "Cybereye": {
      "name": "Киберглаз",
      "description": "<p>Искусственный глаз. Выбирай оптику Кироси!</p>"
    },
    "Cyberleg": {
      "name": "Кибернога",
      "description": "<p>Кибернетическая нога. Бесплатная ступня в комплекте.</p>"
    },
    "Cybersnake": {
      "name": "Киберзмея",
      "description": "<p>Спрятанная в горле змея, считающаяся за очень тяжёлое оружие ближнего боя.</p>"
    },
    "Dartgun": {
      "name": "Дротикомёт",
      "description": "<p>Однозарядное оружие, которое можно спрятать.</p>"
    },
    "Difficult Skill Chip": {
      "name": "Щепка со сложным навыком",
      "description": "<p>Щепка.</p>\n<p>Даёт третий уровень определённого сложного навыка при установке (если он уже не выше или равен третьему).</p>"
    },
    "EMP Threading": {
      "name": "Шелкография от ЭМИ",
      "description": "<p>Кожа выглядит как интегральная схема.</p>"
    },
    "Enhanced Antibodies": {
      "name": "Улучшенные антитела",
      "description": "<p>Удваивает скорость лечения во время отдыха.</p>"
    },
    "Gills": {
      "name": "Жабры",
      "description": "<p>Позволяют дышать под водой.</p>"
    },
    "Grafted Muscle and Bone Lace": {
      "name": "Наращенные мышцы и укреплённые кости",
      "description": "<p>+2 к ТЕЛ. Можно установить несколько раз. Максимально 10 ТЕЛ.</p>"
    },
    "Grapple Hand": {
      "name": "Рука-кошка",
      "description": "<p>Выдвижной крюк-кошка в твоей ладони.</p>"
    },
    "Grip Foot": {
      "name": "Цепкие ступни",
      "description": "<p>Работают в паре. Обеспечивает трение для перемещения вертикально.</p>"
    },
    "Hardened Shielding (Cyber Arm)": {
      "name": "Усиленное экранирование (киберрука)",
      "description": "<p>Рука и установленные в неё расширения игнорируют ЭМИ.</p>"
    },
    "Hardened Shielding (Cyber Leg)": {
      "name": "Усиленное экранирование (кибернога)",
      "description": "<p>Нога и установленные в неё расширения игнорируют ЭМИ.</p>"
    },
    "Hidden Holster": {
      "name": "Скрытая кобура",
      "description": "<p>Кобура спрятанная внутри тебя.</p>"
    },
    "Homing Tracer": {
      "name": "Радиопеленгатор",
      "description": "<p>Подаёт звуковой сигнал в радиусе 1 мили (1.75 км) от радиомаячка. Маячок в комплекте только один.</p>"
    },
    "Image Enhance": {
      "name": "Улучшение изображения",
      "description": "<p>Работают в паре. +2 к проверкам внимания, чтения по губам и сокрытии/обнаружения предмета, требующим зрение.</p>"
    },
    "Implanted Linear Frame β (Beta)": {
      "name": "Имплантированный прямоходный остов β (бета)",
      "description": "<ul>\n<li>Требует ТЕЛ 8,  две установки наращенных мышц и укреплённых костей.</li>\n<li>Поднимает ТЕЛ до 14 (влияет на ПЗ, порог ранений и испытание против смерти).</li>\n</ul>"
    },
    "Implanted Linear Frame ∑ (Sigma)": {
      "name": "Имплантированный прямоходный остов ∑ (сигма)",
      "description": "<ul>\n<li>Требует ТЕЛ 6 и установку наращенных мышц и укреплённых костей.</li>\n<li>Поднимает ТЕЛ до 12 (влияет на ПЗ, порог ранений и испытание против смерти).</li>\n</ul>"
    },
    "Independent Air Supply": {
      "name": "Независимый контур дыхания",
      "description": "<p>Запас воздуха на 30 минут. Можно заправлять.</p>"
    },
    "Interface Plugs": {
      "name": "Разъём интерфейса",
      "description": "<p>Разъёмы в кисти или в голове для подключения к машинам/системам.</p>"
    },
    "Internal Agent": {
      "name": "Внутренний агент",
      "description": "<p>Встроенный агент. По умолчанию только звук, но можно подключить к другим иплантам.</p>"
    },
    "Jump Booster": {
      "name": "Прыжковый усилитель",
      "description": "<p>Работают в паре. Встроенная гидравлика, убирающая штраф на прыжки.</p>"
    },
    "Kerenzikov": {
      "name": "Керензиков",
      "description": "<p>Ускоритель. +2 к инициативе.</p>"
    },
    "Level Damper": {
      "name": "Шумопоглотитель",
      "description": "<p>Иммунитет к глухоте и громким звукам.</p>"
    },
    "Light Tattoo": {
      "name": "Светотату",
      "description": "<p>Светящиеся татуировки. +2 к проверкам гардероба и стиля если установлено более трёх.</p>"
    },
    "Low Light/IR/UV": {
      "name": "Слабое освещение/ИК/УФ",
      "description": "<p>Работают в паре. Иммунитет к штрафам на зрение из-за освещения, тумана или дыма.</p>"
    },
    "Meat Arm": {
      "name": "Мясная рука",
      "description": "<p>Обычная рука. Годится только для имплантов вроде «Стандартной кисти», а так же некоторых видов оружия и инструментов, но только в количестве одной штуки.</p>"
    },
    "Meat Leg": {
      "name": "Мясная нога",
      "description": "<p>Обычная нога. Годится только для имплантов вроде «Стандартной ступни», а так же некоторых видов оружия вроде «Когтя в ступне».</p>"
    },
    "Medical Grade Cyberarm": {
      "name": "Киберрука медицинского назначения",
      "description": "<p>Киберрука медицинского назначения. Не позволяет установку расширений.</p>"
    },
    "Medical Grade Cyberleg": {
      "name": "Кибернога медицинского назначения",
      "description": "<p>Кибернога медицинского назначения. Не позволяет установку расширений.</p>"
    },
    "Medscanner": {
      "name": "Медсканер",
      "description": "<p>Встроенный медсканнер, позволяющий быстро оценить уровень повреждений. +2 к проверкам первой помощи и парамедика.</p>"
    },
    "Memory Chip": {
      "name": "Щепка памяти",
      "description": "<p>Щепка.</p>\n<p>Хранилище данных. Флешка для твоего мозга. Не забывай безопасно извлекать.</p>"
    },
    "MicroOptics": {
      "name": "МикроОптика",
      "description": "<p>Приближение до х400!</p>"
    },
    "MicroVideo": {
      "name": "МикроВидео",
      "description": "<p>Камера в глазу, которую можно связать с щепкой или агентом. Подходит для журналистов.</p>"
    },
    "Midnight Lady Sexual Implant": {
      "name": "Сексуальный имплант «Полуночная дама»",
      "description": "<p>Можно мыть в стиральной машине.</p>"
    },
    "Mr. Studd Sexual Implant": {
      "name": "Сексуальный имплант «Мистер жеребец»",
      "description": "<p>Готов тогда, когда ты готов.</p>"
    },
    "MultiOptic Mount": {
      "name": "Крепление МультиОптик",
      "description": "<p>Позволяет установить ещё пять киберглаз. Глаза продаются отдельно.</p>"
    },
    "Nasal Filters": {
      "name": "Носовые фильтры",
      "description": "<p>Иммунитет к вдыхаемым газам и запахам.</p>"
    },
    "Neural Link": {
      "name": "Нейронная связь",
      "description": "<p>Доступ к нервной системе.</p>"
    },
    "Olfactory Boost": {
      "name": "Усилитель обоняния",
      "description": "<p>Щепка.<p>\n</p>Позволяет отслеживать запахи.</p>"
    },
    "Pain Editor": {
      "name": "Редактор боли",
      "description": "<p>Щепка. Убирает штраф от серьёзного ранения.</p>"
    },
    "Plastic Covering (Cyber Arm)": {
      "name": "Пластиковое покрытие (киберрука)",
      "description": "<p>Пластиковая оболочка для твоей руки.</p>"
    },
    "Plastic Covering (Cyber Leg)": {
      "name": "Пластиковое покрытие (кибернога)",
      "description": "<p>Пластиковая оболочка для твоей ноги.</p>"
    },
    "Popup Grenade Launcher": {
      "name": "Выдвижной гранатомёт",
      "description": "<p>Скрытый однозарядный гранатомёт. Во время использования кисть не может ничего держать.</p>",
      "dvTable": "СЛ Гранатомёт"
    },
    "Popup Melee Weapon": {
      "name": "Выдвижное оружие ближнего боя",
      "description": "<p>Скрытое оружие ближнего боя. Во время использования кисть не может ничего держать.</p>"
    },
    "Popup Ranged Weapon": {
      "name": "Выдвижное оружие дальнего боя",
      "description": "<p>Скрытое одноручное оружие дальнего боя. Во время использования кисть не может ничего держать.</p>",
      "dvTable": "СЛ Пистолет"
    },
    "Popup Shield": {
      "name": "Выдвижной щит",
      "description": "<p>Складной пулестойкий щит, складывающийся и раскладывающийся с лёгкостью. Во время использования кисть не может ничего держать.</p>"
    },
    "Quick Change Mount": {
      "name": "Быстросменный шарнир",
      "description": "<p>С его помощью можно с лёгкостью снять и присоединить (и даже поменять) киберруку. По руке на все случаи жизни.</p>"
    },
    "Radar Detector": {
      "name": "Антирадар",
      "description": "<p>Предупреждает об активных РЛС на в радиусе до мили (1.75 км).</p>"
    },
    "Radar/Sonar Implant": {
      "name": "Радар/Сонар",
      "description": "<p>Радиус обзора 50 м/ярд. Не видит через укрытия.</p>"
    },
    "Radiation Detector": {
      "name": "Детектор излучения",
      "description": "<p>Показывает излучение как синее свечение на дистанциях до 100 м/ярд.</p>"
    },
    "Radio Communicator": {
      "name": "Радиокоммуникатор",
      "description": "<p>Встроенная рация с радиусом действия 1 миля (1.75 км).</p>"
    },
    "Radio Scanner/Music Player": {
      "name": "Радиоприёмник/Музыкальный плеер",
      "description": "<p>Настройся на радиостанции СитиНета или слушай сохранённую музыку.</p>"
    },
    "Realskinn Covering (Cyber Arm)": {
      "name": "Покрытие Realskinn (киберрука)",
      "description": "<p>Искусственная кожа для твоей руки.</p>"
    },
    "Realskinn Covering (Cyber Leg)": {
      "name": "Покрытие Realskinn (кибернога)",
      "description": "<p>Искусственная кожа для твоей ноги.</p>"
    },
    "Rippers": {
      "name": "Потрошители",
      "description": "<p>Очень острые ногти, которые считаются за среднее оружие ближнего боя. Можно спрятать.</p>"
    },
    "Sandevistan": {
      "name": "Сандевистан",
      "description": "<p>Ускоритель. +3 к инициативе на минуту. Перезагрузка один час.</p>"
    },
    "Scrambler/Descrambler": {
      "name": "Скремблер/Дескремблер",
      "description": "<p>Кодирует и декодирует передачи.</p>"
    },
    "Scratchers": {
      "name": "Царапки",
      "description": "<p>Острые ногти, которые считаются за лёгкое оружие ближнего боя. Можно спрятать.</p>"
    },
    "Sensor Array": {
      "name": "Сенсорная установка",
      "description": "<p>Позволяет установить до пяти дополнительных расширений кибераудио.</p>"
    },
    "Shift Tacts": {
      "name": "Цветные линзы",
      "description": "<p>Позволяют изменить цвет глаз. Можно включать и выключать по желанию.</p>"
    },
    "Shoulder Cam": {
      "name": "Камера на плече",
      "description": "<p>Складная камера на плече. Можно подключить к щепке или агенту.</p>"
    },
    "Skate Foot": {
      "name": "Ступни-ролики",
      "description": "<p>Работают в паре. Во время бега увеличивает СКО на 6 м/ярд.</p>"
    },
    "Skill Chip": {
      "name": "Щепка с навыком",
      "description": "<p>Щепка.</p>\n<p>Даёт третий уровень конкретного навыка при установке (если он уже не выше или равен третьему).</p>"
    },
    "Skin Weave": {
      "name": "Вплетение в кожу",
      "description": "<p>Внешний киберимплант*. Броня для тела и головы с ОС7, которая восстанавливается со скоростью 1ОС/сутки. Значения ОС не складываются.</p>\n<p><em>*Киберимпланты брони не реализованы в системе, необходимо добавить предмет «Вплетение в кожу» на бланк персонажа или фуфела.</em></p>"
    },
    "Skinwatch": {
      "name": "Часы на коже",
      "description": "<p>Светодиодные часы прямо на коже.</p>"
    },
    "Slice 'N Dice": {
      "name": "Мясорубка",
      "description": "<p>Моноструна, которая считается за среднее оружие ближнего боя. Можно спрятать.</p>"
    },
    "Standard Foot": {
      "name": "Стандартная ступня",
      "description": "<p>По большей части выглядит как нормальная ступня.</p>"
    },
    "Standard Hand": {
      "name": "Стандартная кисть",
      "description": "<p>По большей части выглядит как нормальная кисть.</p>"
    },
    "Subdermal Armor": {
      "name": "Подкожная броня",
      "description": "<p>Внешний киберимплант*. Броня для тела и головы с ОС11, которая восстанавливается со скоростью 1ОС/сутки. Значения ОС не складываются.</p>\n<p><em>*Киберимпланты брони не реализованы в системе, необходимо добавить предмет «Подкожная броня» на бланк персонажа или фуфела.</em></p>"
    },
    "Subdermal Grip": {
      "name": "Подкожный хват",
      "description": "<p>Система в кисти, позволяющая пользоваться умным оружием. Требует нейронную связь.</p>"
    },
    "Subdermal Pocket": {
      "name": "Подкожный карман",
      "description": "<p>Карман 2 на 4 дюйма (5 на 10 см).</p>"
    },
    "Superchrome® Covering (Cyber Arm)": {
      "name": "Покрытие «Суперхром®» (киберрука)",
      "description": "<p>Металлическое покрытие для твоей руки. +2 к проверкам гардероба и стиля.*</p>\n<p><em>*Внимание: Эффекты Суперхрома не складываются, при установке нескольких предметов с Суперхромом лишние эффекты нужно отключить на вкладке «Эффекты».</em></p>"
    },
    "Superchrome® Covering (Cyber Leg)": {
      "name": "Покрытие «Суперхром®» (кибернога)",
      "description": "<p>Металлическое покрытие для твоей ноги. +2 к проверкам гардероба и стиля.*</p>\n<p><em>*Внимание: Эффекты Суперхрома не складываются, при установке нескольких предметов с Суперхромом лишние эффекты нужно отключить на вкладке «Эффекты».</em></p>"
    },
    "Tactile Boost": {
      "name": "Тактильный усилитель",
      "description": "<p>Щепка.</p>\n<p>Может обнаруживать движение на дистанциях до 20 м/ярд через поверхности.</p>"
    },
    "Talon Foot": {
      "name": "Коготь в ступне",
      "description": "<p>Выдвижной клинок в ступне, который считается за лёгкое оружие ближнего боя.</p>"
    },
    "Targeting Scope": {
      "name": "Прицел",
      "description": "<p>+1 к проверкам прицельного выстрела.</p>"
    },
    "Techhair": {
      "name": "Техволосы",
      "description": "<p>+2 к проверкам ухода за собой вместе с химкожей. Позволяет менять цвет волос.</p>"
    },
    "Techscanner": {
      "name": "Техсканер",
      "description": "<p>Содержит множество гаджетов и инструментов. +2 к проверкам множества навыков.</p>"
    },
    "TeleOptics": {
      "name": "ТелеОптика",
      "description": "<p>Телескоп в глазу с дальностью обзора 800 м/ярд. +1 к одиночным и прицельным выстрелам на расстоянии от 50 м/ярд.</p>"
    },
    "Tool Hand": {
      "name": "Кисть-инструмент",
      "description": "<p>В каждом пальце у тебя свой инструмент. Идеально для техников!</p>"
    },
    "Toxin Binders": {
      "name": "Блокираторы токсинов",
      "description": "<p>+2 к проверкам на сопротивление пыткам/препаратам.</p>"
    },
    "Vampyres": {
      "name": "Вампиры",
      "description": "<p>Острые клыки, которые считаются за лёгкое оружие ближнего боя. Могут впрыскивать яды и токсины.</p>"
    },
    "Virtuality": {
      "name": "Виртуальность",
      "description": "<p>Работают в паре. Встроенные очки виртуальности.</p>"
    },
    "Voice Stress Analyzer": {
      "name": "Анализатор стрессовых изменений голоса",
      "description": "<p>+2 к проверкам проницательности и допроса. Есть режим распознания лжи.</p>"
    },
    "Web Foot": {
      "name": "Перепончатые ступни",
      "description": "<p>Работают в паре. Перепонки между пальцами, помогающие в плавании.</p>"
    },
    "Wolvers": {
      "name": "Росомахи",
      "description": "<p>Когти, спрятанные в костяшках. Считаются за тяжёлое оружие ближнего боя. Можно спрятать.</p>"
    }
  }
}