{
  "label": "Снаряжение",
  "mapping": {},
  "entries": {
    "Cyberdeck (Excellent)": {
      "name": "Кибердека (отличное)",
      "description": "<p>Дека нетраннера на 9 слотов.</p>"
    },
    "Cyberdeck (Poor)": {
      "name": "Кибердека (плохое)",
      "description": "<p>Дека нетраннера на 5 слотов.</p>"
    },
    "Cyberdeck": {
      "name": "Кибердека",
      "description": "<p>Дека нетраннера на 7 слотов.</p>"
    },
    "Battleglove": {
      "name": "Боевая перчатка",
      "description": "<p>Экзотическая тяжёлая рукавица, закрывающая кисть и предплечье. Есть три слота расширений.</p>"
    },
    "Smart Glasses": {
      "name": "Умные очки",
      "description": "<p>Очки с двумя слотами для расширений киберглаз.</p>"
    },
    "Agent": {
      "name": "Агент",
      "description": "<p>Смартфон с ИИ. +2 к проверкам поиска информации и гардероба и стиля, в зависимости от обстоятельств.</p>"
    },
    "Airhypo": {
      "name": "Пневмошприц",
      "description": "<p>Подкожный шприц.</p>"
    },
    "Anti-Smog Breathing Mask": {
      "name": "Антисмоговый респиратор",
      "description": "<p>Фильтр воздушных токсинов.</p>"
    },
    "Audio Recorder": {
      "name": "Диктофон",
      "description": "<p>До суток записи звука на щепке.</p>"
    },
    "Auto Level Dampening Ear Protectors": {
      "name": "Противошумные наушники",
      "description": "<p>Носящий невосприимчив к громким звукам.</p>"
    },
    "Binoculars": {
      "name": "Бинокль",
      "description": "<p>Двух- и трёхкратное приближение.</p>"
    },
    "Braindance Viewer": {
      "name": "Проигрыватель брейндансов",
      "description": "<p>Устройство для просмотра брейндансов.</p>"
    },
    "Bug Detector": {
      "name": "Обнаружитель жучков",
      "description": "<p>Обнаруживает прослушивающие устройства. Радиус 2 м/ярд.</p>"
    },
    "Carryall": {
      "name": "Дорожная сумка",
      "description": "<p>Сумка.</p>"
    },
    "Chemical Analyzer": {
      "name": "Химический анализатор",
      "description": "<p>Определяет химический состав вещества, используя базу данных.</p>"
    },
    "Computer": {
      "name": "Компьютер",
      "description": "<p>Настольный или ноутбук.</p>"
    },
    "Cryopump": {
      "name": "Криопомпа",
      "description": "<p>Чемоданчик, подключаемый к пострадавшему, чтобы ввести его в стаз.</p>"
    },
    "Cryotank": {
      "name": "Криокапсула",
      "description": "<p>Вмещает в себя взрослого человека, раны заживают быстрее обычного.</p>"
    },
    "Disposable Cell Phone": {
      "name": "Одноразовая мобила",
      "description": "<p>Только голосовые звонки.</p>"
    },
    "Drum Synthesizer": {
      "name": "Драм-машина",
      "description": "<p>Подключи к усилителю для извлечения звука барабанов.</p>"
    },
    "Duct Tape": {
      "name": "Клейкая лента",
      "description": "<p>Помогает скреплять предметы.</p>"
    },
    "Electric Guitar/Other Instrument": {
      "name": "Электрогитара/иной инструмент",
      "description": "<p>Музыкальный инструмент. Для электрических музыкальных инструментов необходим усилитель.</p>"
    },
    "Flashlight": {
      "name": "Фонарик",
      "description": "<p>10 часов света на одной батарее. Светит на 100 м/ярд.</p>"
    },
    "Food Stick": {
      "name": "Питательный батончик",
      "description": "<p>Батончик, заменяющий нормальную еду.</p>"
    },
    "Glow Paint": {
      "name": "Светящаяся краска",
      "description": "<p>Баллончик со светящейся в темноте краской.</p>"
    },
    "Glow Stick": {
      "name": "Светящаяся палочка",
      "description": "<p>Светит 10 часов на 4 м/ярд вокруг себя.</p>"
    },
    "Grapple Gun": {
      "name": "Крюк-кошка",
      "description": "<p>Стреляет на 30 м/ярд. Нельзя использовать как оружие.</p>"
    },
    "Handcuffs": {
      "name": "Наручники",
      "description": "<p>Можно сломать, если ТЕЛ > 10.</p>"
    },
    "Homing Tracer": {
      "name": "Радиопеленгатор",
      "description": "<p>Радиус работы: миля (1.75 км).</p>"
    },
    "Inflatable Bed & Sleep-bag": {
      "name": "Надувная кровать и спальный мешок",
      "description": "<p>Портативный ночлег.</p>"
    },
    "Kibble Pack": {
      "name": "Пачка комбикорма",
      "description": "<p>Одна порция.</p>"
    },
    "Linear Frame β (Beta)": {
      "name": "Прямоходный остов β (бета)",
      "description": "<p>Экзоскелет.</p>\n<ul>\n<li>Требуется два разъёма интерфейса.</li>\n<li>Поднимает ТЕЛ до 14 пока подключён.</li>\n<li>ПЗ и испытание против смерти остаются неизменными.</li>\n</ul>"
    },
    "Linear Frame ∑ (Sigma)": {
      "name": "Прямоходный остов ∑ (сигма)",
      "description": "<p>Экзоскелет.</p>\n<ul>\n<li>Требуется разъём интерфейса.</li>\n<li>Поднимает ТЕЛ до 12 пока подключён.</li>\n<li>ПЗ и испытание против смерти остаются неизменными.</li>\n</ul>"
    },
    "Lock Picking Set": {
      "name": "Набор медвежатника",
      "description": "<p>Инструменты для взлома механических замков.</p>"
    },
    "Medscanner": {
      "name": "Медсканер",
      "description": "<p>+2 к проверкам первой помощи и парамедика.</p>"
    },
    "Medtech Bag": {
      "name": "Сумка медтехника",
      "description": "<p>Медицинские инструменты.</p>"
    },
    "Memory Chip": {
      "name": "Щепка памяти",
      "description": "<p>Хранилище данных.</p>"
    },
    "MRE": {
      "name": "ИРП",
      "description": "<p>Переносной паёк. В комплекте нагревательный элемент.</p>"
    },
    "Personal CarePak": {
      "name": "Набор личной гигиены",
      "description": "<p>Зубная щётка и тому подобное.</p>"
    },
    "Pocket Amplifier": {
      "name": "Карманный усилитель",
      "description": "<p>Заряда хватает на 6 часов, можно подключить до двух инструментов.</p>"
    },
    "Radar Detector": {
      "name": "Антирадар",
      "description": "<p>Система обнаружения лучей радиолокаторов. Радиус обнаружения: 100 м/ярд.</p>"
    },
    "Radiation Suit": {
      "name": "Радиационный костюм",
      "description": "<p>Защищает носителя от радиации.</p>"
    },
    "Radio Communicator": {
      "name": "Радиокоммуникатор",
      "description": "<p>Радиус: миля (1.75 км). Выполнен в виде внутриканального наушника.</p>"
    },
    "Radio Scanner/Music Player": {
      "name": "Радиоприёмник/Музыкальный плеер",
      "description": "<p>Приёмник радиосигналов. Радиус: миля (1.75 км).</p>"
    },
    "Road Flare": {
      "name": "Сигнальная шашка",
      "description": "<p>Светит час на 100 м/ярд.</p>"
    },
    "Rope (60m/yd)": {
      "name": "Верёвка (60 м/ярд)",
      "description": "<p>Нейлоновая верёвка.</p>"
    },
    "Scrambler/Descrambler": {
      "name": "Скремблер/Дескремблер",
      "description": "<p>Скремблер/дескремблер для передач.</p>"
    },
    "Tech Bag": {
      "name": "Сумка техника",
      "description": "<p>Сумка с инструментами.</p>"
    },
    "Techscanner": {
      "name": "Техсканер",
      "description": "<p>+2 к различным навыкам основанным на ТЕХ.</p>"
    },
    "Techtool": {
      "name": "Техтул",
      "description": "<p>Многофункциональный инструмент.</p>"
    },
    "Tent and Camping Equipment": {
      "name": "Палатка и набор для кемпинга",
      "description": "<p>На одного человека.</p>"
    },
    "Tracer Button": {
      "name": "Радиомаячок",
      "description": "<p>Маячок размером с пуговицу, можно отслеживать на расстоянии до 1 мили (1.75 км) при помощи радиопеленгатора.</p>"
    },
    "Vial of Biotoxin": {
      "name": "Ампула с биотоксином",
      "description": "<p>3d6 урона при провале проверки сопротивления пыткам/препаратам. Броня не учитывается.</p>"
    },
    "Vial of Poison": {
      "name": "Ампула с ядом",
      "description": "<p>2d6 урона при провале проверки сопротивления пыткам/препаратам. Броня не учитывается.</p>"
    },
    "Video Camera": {
      "name": "Видеокамера",
      "description": "<p>До 12 часов на одной щепке.</p>"
    },
    "Virtuality Goggles": {
      "name": "Очки виртуальности",
      "description": "<p>Проецирует киберпространство на реальный мир.</p>"
    }
  }
}